ジャンル,タイトル,出版社,著者,完結,巻数,ＩＳＢＮ,棚番,コメント,コミ№,冊数,連番,複数,ＣＮＯ,ジャンル,タイトル,副題,タイトルカナ,出版社,出版社カナ,著者,著者カナ,原作者,区分,シリーズ,雑誌名,完結,巻数,発売日,ＩＳＢＮ,ＩＳＢＮ１３,本体価格,雑誌コード,許諾日,終了日,許諾,販売ランク,ほんのきもち
B1,ＡＬＣＢＡＮＥ,講談社,衣谷遊,,3,,,,85814,1,1,,85814,B1,ＡＬＣＢＡＮＥ,,アルクベイン,講談社,コウダンシャ,衣谷遊,キヌタニユウ,たかしげ宙,原作,マガジンＺ　ＫＣ,web連載　ヒーロークロスライン,,1,2008/07/23,4-06-349372-5,9784063493726,571,48353-72,2008/08/23,,許諾,BF,8261
B1,Ｍ．Ｃ．☆ＬＡＷ,新潮社,浅田有皆,,3,,,,77531,1,2,,77531,B1,Ｍ．Ｃ．☆ＬＡＷ,,エムシーロー,新潮社,シンチョウシャ,浅田有皆,アサダユカイ,,,バンチコミックス,,,1,2006/04/15,4-10-771237-0,9784107712370,505,,2006/05/15,,許諾,他,7587
B1,ワカコ酒,徳間書店（コアミックス）,新久千映,,26,,,,114074,1,3,,114074,B1,ワカコ酒,,ワカコザケ,徳間書店（コアミックス）,トクマショテン,新久千映,シンキュウチエ,,,ゼノンコミックス,コミックゼノン,,1,2020/04/01,4-86720-094-8,9784867200940,562,56800-95,2020/04/01,,許諾,他,21182
S1,ヒカルの碁,集英社,小畑健,,23,,,,5553,1,4,,5553,S1,ヒカルの碁,,ヒカルノゴ,集英社,シュウエイシャ,小畑健,オバタタケシ,,,ジャンプコミックス,週刊少年ジャンプ,,1,1999/04/30,4-08-872717-7,9784088727172,390,43002-17,2006/01/01,,許諾,SF,473
L,にれこスケッチ,祥伝社,鴨居まさね,,3,,,,132494,1,5,,132494,L,にれこスケッチ,,ニレコスケッチ,祥伝社,ショウデンシャ,鴨居まさね,カモイマサネ,,,フィールコミックス,,,1,2017/01/07,4-396-76695-5,9784396766955,900,54932-39,2017/02/08,,許諾,他,25871
B1,サクリファイス,秋田書店,菊地昭夫,,3,,,,92307,1,6,,92307,B1,サクリファイス,,サクリファイス,秋田書店,アキタショテン,菊地昭夫,キクチアキオ,近藤史恵,原作,ヤングチャンピオン・コミックス,ヤングチャンピオン,,1,2009/07/17,4-253-14528-0,9784253145282,533,56019-51,2009/08/17,2025/10/11,,BF,10567
B1,わたしの幸せな結婚,スクウェア・エニックス,高坂りと,,6,,,,145783,1,7,,145783,B1,わたしの幸せな結婚,,ワタシノシアワセナケッコン,スクウェア・エニックス,スクウェアエニックス,高坂りと,コウサカリト,顎木あくみ,原作,ガンガンコミックスＯＮＬＩＮＥ,,,1,2019/09/12,4-7575-6293-4,9784757562936,700,48140-48,2023/01/28,,許諾,他,0
B1,真実の魔法少女,スクウェア・エニックス,備長炭,,6,,,,125455,1,8,,125455,B1,真実の魔法少女,,シンジツノマホウショウジョ,スクウェア・エニックス,スクウェアエニックス,備長炭,ビンチョウタン,,,ヤングガンガンコミックス,ヤングガンガン,,1,2015/08/25,4-7575-4723-4,9784757547230,533,48558-35,2016/02/15,,許諾,他,0
B1,レンタルおにいちゃん,スクウェア・エニックス,一色箱,,4,,,,138393,1,9,,138393,B1,レンタルおにいちゃん,,レンタルオニイチャン,スクウェア・エニックス,スクウェアエニックス,一色箱,イチイロハコ,,,ガンガンコミックスｐｉｘｉｖ,,,1,2018/03/22,4-7575-5649-7,9784757556492,581,48136-57,2018/11/16,,許諾,他,29270
B1,ハイアーグラウンド,日本文芸社,小幡フミオ,,3,,,,88129,1,10,,88129,B1,ハイアーグラウンド,,ハイアーグラウンド,日本文芸社,ニホンブンゲイシャ,小幡フミオ,オバタフミオ,,,ニチブンコミックス,週刊漫画ゴラク,,1,2008/12/19,4-537-10915-7,9784537109153,553,52968-53,2009/01/21,,許諾,BF,13417
B1,ＥＤＧＥ 黄昏の爆弾魔,講談社,緋乃鹿六,,3,,,,78103,1,11,,78103,B1,ＥＤＧＥ 黄昏の爆弾魔,,エッジタソガレノバクダンマ,講談社,コウダンシャ,緋乃鹿六,ヒノカロ,,,マガジンＺＫＣ,マガジンＺ,,1,2006/08/23,4-06-349253-2,9784063492538,533,,2006/12/01,,許諾,BF,9617
B1,おキツネさまでＣｈｕ,秋田書店,速野悠二,,4,,,,72276,1,12,,72276,B1,おキツネさまでＣｈｕ,,オキツネサマデチュ,秋田書店,アキタショテン,速野悠二,ハヤノユウジ,,,チャンピオンＲＥＤコミックス,チャンピオンＲＥＤ,,1,2004/08/19,4-253-23014-8,9784253230148,533,,2006/12/01,,許諾,他,0
B1,機動新世紀ガンダムＸ　ＵＮＤＥＲ ＴＨＥ ＭＯＯＮＬＩＧＨＴ,角川書店,赤津豊,,4,,,,74273,1,13,,74273,B1,機動新世紀ガンダムＸ　ＵＮＤＥＲ ＴＨＥ ＭＯＯＮＬＩＧＨＴ,,キドウシンセイキガンダムＸＵＮＤＥＲＴＨＥＭＯＯＮＬＩＧＨＴ,角川書店,カドカワカドカワショテン,赤津豊,アキツユタカ,,,カドカワコミックスA,,,1,2005/04/26,4-04-713712-X,9784047137127,540,,,,,他,1747
S2,空のまんなか,集英社,香村陽子,,3,,,,72332,1,14,,72332,S2,空のまんなか,,ソラノマンナカ,集英社,シュウエイシャ,香村陽子,カムラヨウコ,,,りぼんマスコットコミックス,りぼん,,1,2004/08/11,4-08-856558-4,9784088565583,390,43275-58,2006/01/01,,許諾,SZ,0
B1,ヴィンテージ・トーキョー,小学館,石川優吾,,3,,,,173654,1,15,,173654,B1,ヴィンテージ・トーキョー,,ヴィンテージトーキョー,小学館,ショウガクカン,石川優吾,イシカワユウゴ,,,ビッグコミックス,ビッグコミック,連載中,1,2025/09/30,4-09-863555-0,9784098635559,700,58635-55,2025/10/30,,許諾,他,0
B1,キャプテンどんかべ,小学館,大石普人,,3,,,,78110,1,16,,78110,B1,キャプテンどんかべ,,キャプテンドンカベ,小学館,ショウガクカン,大石普人,オオイシヒロト,,,ヤングサンデーコミックス,ヤングサンデー,,1,2006/08/04,4-09-151106-6,9784091511065,505,,2006/09/03,,許諾,他,2922
S2,きらきら★迷宮（ラビリンス）,小学館,おおばやしみゆき,,3,,,,3058,1,17,,3058,S2,きらきら★迷宮（ラビリンス）,,キラキララビリンス,小学館,ショウガクカン,おおばやしみゆき,オオバヤシミユキ,,,フラワーコミックス〔ちゃお〕,ちゃお,,1,2000/10/26,4-09-137853-6,9784091378538,390,46088-53,2006/07/01,,許諾,他,0
B1,アキバ署！,講談社,瀬尾浩史,,3,,,,75635,1,18,,75635,B1,アキバ署！,,アキバショ,講談社,コウダンシャ,瀬尾浩史,セオヒロシ,,,アフタヌーンＫＣ,アフタヌーン,,1,2005/10/21,4-06-314391-0,9784063143911,524,,2006/12/01,,許諾,他,6390
S1,ピングポング,集英社,片岡誉晴,,2,,,,174358,1,19,,174358,S1,ピングポング,,ピングポング,集英社,シュウエイシャ,片岡誉晴,カタオカヨシハル,,,ジャンプコミックス,週刊少年ジャンプ,,1,2025/11/04,4-08-884825-X,9784088848259,520,43364-25,2025/12/04,,許諾,他,0
S1,ましろくんの補講アトリエ,集英社,山本百八,,2,,,,173971,1,20,,173971,S1,ましろくんの補講アトリエ,,マシロクンノホコウアトリエ,集英社,シュウエイシャ,山本百八,ヤマモトヒャクハチ,,,ジャンプコミックス,ジャンプＳＱ,連載中,1,2025/10/03,4-08-884703-2,9784088847030,560,43363-03,2025/11/03,,許諾,他,0
B1,セイビング・ライフ,角川書店,まりお金田,,3,,,,77060,1,21,,77060,B1,セイビング・ライフ,,セイビングライフ,角川書店,カドカワカドカワショテン,まりお金田,マリオカネダ,,,カドカワコミックスＡ,エース,,1,2006/02/25,4-04-713793-6,9784047137936,540,,2007/02/01,2019/01/31,,他,6328
B1,ウィッチクラフトワークス ＥＸＴＲＡ,講談社,水薙竜,,4,,,,161338,1,22,,161338,B1,ウィッチクラフトワークス ＥＸＴＲＡ,,ウィッチクラフトワークスエクストラ,講談社,コウダンシャ,水薙竜,ミズナギリュウ,,,アフタヌーンＫＣ,ｇｏｏｄ！アフタヌーン,連載中,1,2023/02/07,4-06-530575-6,9784065305751,680,55744-67,2023/03/07,,許諾,他,0
B1,こちら がむしゅー探偵事務所！,角川書店,陽香,,3,,,,44210,1,23,,44210,B1,こちら がむしゅー探偵事務所！,,コチラガムシュータンテイジムショ,角川書店,カドカワカドカワショテン,陽香,キヨカ,平井太郎,原作,チャージコミックス,コミックチャージ,,1,2007/12/26,4-04-725007-4,9784047250079,580,,2008/01/26,2019/12/25,,他,0
S1,黒猫ＤＡＮＣＥ,講談社,安田剛士,,3,,,,108982,1,24,,108982,S1,黒猫ＤＡＮＣＥ,,クロネコダンス,講談社,コウダンシャ,安田剛士,ヤスダツヨシ,,,月マガＫＣ,月刊少年マガジン,,1,2012/05/17,4-06-371328-8,9784063713282,429,41777-28,2012/06/17,,許諾,SC,18865
B1,６歳の賢者は日陰の道を歩みたい,スクウェア・エニックス,伊志田,,4,,,,149985,1,25,,149985,B1,６歳の賢者は日陰の道を歩みたい,,ロクサイノケンジャハヒカゲノミチヲアユミタイ,スクウェア・エニックス,スクウェアエニックス,伊志田,イシダ,斧名田マニマニ,原作,ガンガンコミックスＵＰ！,,,1,2020/08/07,4-7575-6794-4,9784757567948,600,48143-89,2021/03/24,,許諾,他,0
B1,聖女に嘘は通じない,講談社,浅見よう,,5,,,,164343,1,26,,164343,B1,聖女に嘘は通じない,,セイジョニウソハツウジナイ,講談社,コウダンシャ,浅見よう,アサミヨウ,日向夏,原作,ＫＣデラックス,月刊少年マガジン,連載中,1,2023/09/29,4-06-532812-8,9784065328125,690,46589-22,2023/10/29,,許諾,他,0
文庫,ＢＡＳＴＡＲＤ！！ ―暗黒の破壊神―,集英社,萩原一至,,9,,,,119120,1,27,,119120,文庫,ＢＡＳＴＡＲＤ！！ ―暗黒の破壊神―,,バスタード,集英社,シュウエイシャ,萩原一至,ハギワラカズシ,,,集英社文庫コミック版,,,1,2014/05/16,4-08-619493-7,9784086194938,740,201405-150,2014/06/16,,許諾,他,0
B1,ギャラクティックマンション,講談社,なかにしえいじ,,3,,,,84294,1,28,,84294,B1,ギャラクティックマンション,,ギャラクティックマンション,講談社,コウダンシャ,なかにしえいじ,ナカニシエイジ,,,マガジンＺ　ＫＣ,,,1,2008/03/21,4-06-349343-1,9784063493436,571,48353-43,2008/04/21,,許諾,BF,7206
S2,天の竜＊地の桜,秋田書店,すもももも,,3,,,,85287,1,29,,85287,S2,天の竜＊地の桜,,テンノリュウチノサクラ,秋田書店,アキタショテン,すもももも,スモモモモ,,,プリンセス・コミックス,プリンセス,,1,2008/06/16,4-253-19631-4,9784253196314,400,40241-93,2008/07/16,,許諾,SG,8030
B1,突攻！ メイドサンダー,秋田書店,やぎさわ景一,,3,,,,79356,1,30,,79356,B1,突攻！ メイドサンダー,,トッコウメイドサンダー,秋田書店,アキタショテン,やぎさわ景一,ヤギサワケイイチ,,,チャンピオンＲＥＤコミックス,チャンピオンＲＥＤ,,1,2007/01/19,4-253-23184-5,9784253231848,533,44941-13,2007/04/20,,許諾,BF,6284
S2,ひとひらの恋が降る,小学館,やぶうち優,,3,,,,80930,1,31,,80930,S2,ひとひらの恋が降る,,ヒトヒラノコイガフル,小学館,ショウガクカン,やぶうち優,ヤブウチユウ,,,ちゅちゅコミックス,ちゅちゅ,,1,2007/05/31,4-09-131110-5,9784091311108,390,46021-10,2007/06/30,,許諾,SZ,6237
B1,湘南爆走族  ファースト フラッグ,秋田書店,吉田聡,,6,,,,159110,1,32,,159110,B1,湘南爆走族  ファースト フラッグ,,ショウナンバクソウゾクファーストフラッグ,秋田書店,アキタショテン,吉田聡,ヨシダサトシ,,,ヤングチャンピオン・コミックス,ヤングチャンピオン,連載中,1,2022/08/19,4-253-30851-1,9784253308519,630,56031-47,2022/09/19,,許諾,他,0
S2,汚れてる暇なんかない,集英社,石田拓実,,3,,,,7711,1,33,,7711,S2,汚れてる暇なんかない,,ヨゴレテルヒマナンカナイ,集英社,シュウエイシャ,石田拓実,イシダタクミ,,,りぼんマスコットコミックス,りぼん,,1,2001/07/13,4-08-856302-6,9784088563022,390,43273-02,2006/01/01,,許諾,SZ,5349
B2,「きみを愛する気はない」と言った次期公爵様がなぜか溺愛してきます,フレックスコミックス,水埜なつ,,5,,,,155502,1,34,,155502,B2,「きみを愛する気はない」と言った次期公爵様がなぜか溺愛してきます,,キミヲアイスルキハナイトイッタジキコウシャクサマガナゼカデキアイシテキマス,フレックスコミックス,フレックスコミックス,水埜なつ,ミズノナツ,三沢ケイ,原作,ポラリスＣＯＭＩＣＳ,,,1,2021/10/15,4-86675-173-8,9784866751733,700,202110-286,2021/11/15,,許諾,他,0
B1,累～かさね～,講談社,松浦だるま,,14,,,,115888,1,35,,115888,B1,累～かさね～,,カサネ,講談社,コウダンシャ,松浦だるま,マツウラダルマ,,,イブニングＫＣ,イブニング,,1,2013/10/23,4-06-352485-X,9784063524857,571,41544-85,2013/11/23,,許諾,他,22107
B1,ＷＯＲＳＴ外伝  サブロクサンタ 名もなきカラスたち,秋田書店,林たかあき,,12,,,,158342,1,36,,158342,B1,ＷＯＲＳＴ外伝  サブロクサンタ 名もなきカラスたち,,ワーストガイデンサブロクサンタナモナキカラスタチ,秋田書店,アキタショテン,林たかあき,ハヤシタカアキ,キタハラタケヨ,原作,少年チャンピオン・コミックス,,,1,2022/06/08,4-253-29371-9,9784253293716,630,40162-10,2022/07/08,,許諾,他,0
B1,てんぷる,講談社,吉岡公威,,15,,,,144779,1,37,,144779,B1,てんぷる,,テンプル,講談社,コウダンシャ,吉岡公威,ヨシオカキミタケ,,,アフタヌーンＫＣ,,,1,2019/07/05,4-06-516239-4,9784065162392,690,55736-34,2019/08/05,,許諾,他,0
B1,アフレコ,講談社,小林拓己,,3,,,,82367,1,38,,82367,B1,アフレコ,,アフレコ,講談社,コウダンシャ,小林拓己,コバヤシタクミ,,,マガジンＺ　ＫＣ,マガジンＺ,,1,2007/10/23,4-06-349315-6,9784063493153,552,48353-15,2007/11/23,,許諾,BF,6373
S2,美少女戦士セーラームーン,講談社,武内直子,,18,,,,36883,1,39,,36883,S2,美少女戦士セーラームーン,,ビショウジョセンシセーラームーン,講談社,コウダンシャ,武内直子,タケウチナオコ,,,なかよしＫＣ,なかよし,,1,1992/07/01,4-06-178721-7,9784061787216,379,,2006/12/01,2015/09/09,,SZ,1736
S1,らいでん,秋田書店,塚脇永久,,3,,,,86463,1,40,,86463,S1,らいでん,,ライデン,秋田書店,アキタショテン,塚脇永久,ツカワキナガヒサ,,,少年チャンピオン・コミックス,月刊少年チャンピオン,,1,2008/09/08,4-253-20900-9,9784253209007,400,40097-99,2008/10/08,,許諾,SF,8578
S1,僕の心のヤバイやつ,秋田書店,桜井のりお,,13,,,,141987,1,41,,141987,S1,僕の心のヤバイやつ,,ボクノココロノヤバイヤツ,秋田書店,アキタショテン,桜井のりお,サクライノリオ,,,少年チャンピオンコミックス,,,1,2018/12/07,4-253-22615-9,9784253226158,540,40148-81,2019/01/07,,許諾,他,0
B1,いけない華子先生 ほけん－の－せんせ,講談社,大橋薫,,3,,,,87331,1,42,,87331,B1,いけない華子先生 ほけん－の－せんせ,,イケナイハナコセンセイホケンノセンセ,講談社,コウダンシャ,大橋薫,オオハシカオル,,,ＫＣＤＸ,,,1,2008/11/06,4-06-375592-4,9784063755923,552,46299-92,2008/12/06,,許諾,BF,13210
S1,金田一少年の事件簿Ｒ,講談社,さとうふみや,,14,,,,117921,1,43,,117921,S1,金田一少年の事件簿Ｒ,,キンダイチショウネンノジケンボアール,講談社,コウダンシャ,さとうふみや,サトウフミヤ,天樹征丸,原作,週マガＫＣ,週刊少年マガジン,,1,2014/03/17,4-06-395039-5,9784063950397,429,42278-39,2014/04/17,,許諾,他,22966
B1,Ｏｄｄｓ ＶＳ！,双葉社,石渡治,,31,,,,119452,1,44,,119452,B1,Ｏｄｄｓ ＶＳ！,,オッズバーサスＶＥＲＳＵＳ,双葉社,フタバシャ,石渡治,イシワタオサム,,,アクションコミックス,漫画アクション,,1,2014/06/27,4-575-84438-1,9784575844382,600,50189-04,2014/07/27,,許諾,他,23650
S1,とある魔術の禁書目録,スクウェア・エニックス,近木野中哉,,33,,,,82897,1,45,,82897,S1,とある魔術の禁書目録,,トアルマジュツノインデックス,スクウェア・エニックス,スクウェアエニックス,近木野中哉,コギノチュウヤ,鎌池和馬,原作,ガンガンコミックス,少年ガンガン,連載中,1,2007/11/10,4-7575-2157-X,9784757521575,419,48118-82,2007/12/10,,許諾,SE,7969
S2,７ＳＥＥＤＳ,小学館,田村由美,,35,,,,58721,1,46,,58721,S2,７ＳＥＥＤＳ,,セブンシーズ,小学館,ショウガクカン,田村由美,タムラユミ,,,フラワーコミックス〔フラワーズ〕,フラワーズ,,1,2002/03/26,4-09-138013-1,9784091380135,454,46090-13,2006/07/01,,許諾,SC,341
B1,戦空の魂 ─２１世紀の日本人へ─,集英社,天沼俊,,3,,,,73964,1,47,,73964,B1,戦空の魂 ─２１世紀の日本人へ─,,センクウノタマシイ２,集英社,シュウエイシャ,天沼俊,アマヌマシュン,,,ジャンプコミックスデラックス,Ｏｈスーパージャンプ,,1,2005/03/04,4-08-859491-6,9784088594910,505,43635-91,2006/01/01,,許諾,BF,6452
B1,タワーダンジョン,講談社,弐瓶勉,,6,,,,166230,1,48,,166230,B1,タワーダンジョン,,タワーダンジョン,講談社,コウダンシャ,弐瓶勉,ニヘイツトム,,,シリウスＫＣ,シリウス,連載中,1,2024/02/08,4-06-534697-5,9784065346976,690,42847-03,2024/03/08,,許諾,他,0
S2,プライベートアイズ,講談社,野村あきこ,,3,,,,31353,1,49,,31353,S2,プライベートアイズ,,プライベートアイズ,講談社,コウダンシャ,野村あきこ,ノムラアキコ,,,なかよしＫＣ,なかよし,,1,1996/08/03,4-06-178838-8,9784061788381,388,,2006/12/01,2020/04/27,,SZ,1783
S2,うそつきなジェミニ,小学館,宮脇ゆきの,,3,,,,84019,1,50,,84019,S2,うそつきなジェミニ,,ウソツキナジェミニ,小学館,ショウガクカン,宮脇ゆきの,ミヤワキユキノ,,,ちゅちゅコミックス,ちゅちゅ,,1,2008/02/29,4-09-131535-6,9784091315359,390,46025-35,2008/03/29,,許諾,SG,9414
B1,サバイバル～少年Ｓの記録～,リイド社,宮川輝,,5,,,,127630,1,51,,127630,B1,サバイバル～少年Ｓの記録～,,サバイバルショウネンエスノキロク,リイド社,リイドシャ,宮川輝,ミヤカワテル,さいとう・たかを,原作,ＳＰコミックス,,,1,2016/01/13,4-8458-4868-6,9784845848683,590,50451-76,2016/02/17,,許諾,他,0
B2,特等添乗員αの難事件,ＫＡＤＯＫＡＷＡ（角川）,蒼崎律,,3,,,,118932,1,52,,118932,B2,特等添乗員αの難事件,,トクトウテンジョウインアルファノナンジケン,ＫＡＤＯＫＡＷＡ（角川）,カドカワカドカワショテン,蒼崎律,アオザキリツ,松岡圭祐,原作,あすかコミックスＤＸ,,,1,2014/05/21,4-04-121129-8,9784041211298,560,201405-049,2014/06/26,2023/05/25,,他,23452
B2,利根川りりかの実験室,講談社,長谷垣なるみ,,3,,,,122165,1,53,,122165,B2,利根川りりかの実験室,,トネガワリリカノジッケンシツ,講談社,コウダンシャ,長谷垣なるみ,ハセガキナルミ,青柳碧人,原作,ＫＣｘＮ,,,1,2015/01/09,4-06-380742-8,9784063807424,590,42903-42,2015/02/09,,許諾,他,24828
B1,ドライブ・ア・ライブ,小学館,中井邦彦,,3,,,,86233,1,54,,86233,B1,ドライブ・ア・ライブ,,ドライブアライブ,小学館,ショウガクカン,中井邦彦,ナカイクニヒコ,,,ヤングサンデーコミックス,ＹＳスペシャル,,1,2008/08/05,4-09-151370-0,9784091513700,514,45363-70,2008/09/05,,許諾,BF,8376
B1,僕らはみんな河合荘,少年画報社,宮原るり,,11,,,,103878,1,55,,103878,B1,僕らはみんな河合荘,,ボクラハミンナカワイソウ,少年画報社,ショウネンガホウシャ,宮原るり,ミヤハラルリ,,,ＹＫコミックス,アワーズ,,1,2011/05/30,4-7859-3631-2,9784785936310,571,50036-31,2012/08/23,,許諾,BC,16560
B1,ＡＲＭＳ,小学館,皆川亮二,,22,,,,263,1,56,,263,B1,ＡＲＭＳ,,アームズ,小学館,ショウガクカン,皆川亮二,ミナガワリョウジ,,,少年サンデーコミックス,週刊少年サンデー,,1,1997/10/18,4-09-124881-0,9784091248817,486,,2006/07/01,,許諾,BZ,1997
B1,ジャンケットバンク,集英社,田中一行,,21,,,,150910,1,57,,150910,B1,ジャンケットバンク,,ジャンケットバンク,集英社,シュウエイシャ,田中一行,タナカイッコウ,,,ヤングジャンプコミックス,ヤングジャンプ,連載中,1,2020/11/19,4-08-891657-3,9784088916576,600,44231-57,2020/12/19,,許諾,他,0
B1,新九郎、奔る！,小学館,ゆうきまさみ,,22,,,,140022,1,58,,140022,B1,新九郎、奔る！,,シンクロウハシル,小学館,ショウガクカン,ゆうきまさみ,ユウキマサミ,,,ビッグコミックス,ビッグコミックスピリッツ,連載中,1,2018/08/09,4-09-860001-3,9784098600014,630,58600-01,2018/09/09,,許諾,他,0
B1,神宿りのナギ,角川書店,三部けい,,3,,,,87961,1,59,,87961,B1,神宿りのナギ,,カミヤドリノナギ,角川書店,カドカワカドカワショテン,三部けい,サンベケイ,,,カドカワコミックスＡ,少年エース,,1,2008/12/26,4-04-715154-8,9784047151543,560,200812-053,2009/01/26,2020/12/25,,BF,13437
B1,ベントラーベントラー,講談社,野村亮馬,,3,,,,89132,1,60,,89132,B1,ベントラーベントラー,,ベントラーベントラー,講談社,コウダンシャ,野村亮馬,ノムラリョウマ,,,アフタヌーンＫＣ,アフタヌーン,,1,2009/02/23,4-06-314553-0,9784063145533,524,55724-53,2009/03/23,,許諾,BF,13841
B1,この素晴らしい世界に祝福を！,ＫＡＤＯＫＡＷＡ（富士見）,渡真仁,,22,,,,123611,1,61,,123611,B1,この素晴らしい世界に祝福を！,,コノスバラシイセカイニシュクフクヲ,ＫＡＤＯＫＡＷＡ（富士見）,カドカワフジミショボウ,渡真仁,ワタリマサヒト,暁なつめ,原作,ドラゴンコミックスエイジ,ドラゴンエイジ,連載中,1,2015/04/08,4-04-070539-4,9784040705392,620,201504-033,2015/05/09,2024/04/08,,他,25028
B1,ＰＥＥＰＯ ＣＨＯＯ ピポチュー,講談社,フェリーペ・スミス,,3,,,,90718,1,62,,90718,B1,ＰＥＥＰＯ ＣＨＯＯ ピポチュー,,ピポチュー,講談社,コウダンシャ,フェリーペ・スミス,フェリーペスミス,,,モーニングＫＣ,モーニング・ツー,,1,2009/04/23,4-06-372794-7,9784063727944,648,42668-94,2009/05/23,,許諾,BF,14334
B2,偽り姫の内緒ごと ～後宮で身代わりの妃を演じたら、皇帝と護衛に寵愛されました～,講談社,桜倉メグ,,5,,,,156435,1,63,,156435,B2,偽り姫の内緒ごと ～後宮で身代わりの妃を演じたら、皇帝と護衛に寵愛されました～,,イツワリヒメノナイショゴト,講談社,コウダンシャ,桜倉メグ,サクラメグ,雨川透子,原作,ＫＣｘ,,,1,2022/01/28,4-06-526670-X,9784065266700,650,42906-87,2022/02/28,,許諾,他,0
B1,ダウナー系お姉さんに毎日カスの嘘を流し込まれる話,ＫＡＤＯＫＡＷＡ（ＭＦ）,生倉のゑる,,3,,,,170928,1,64,,170928,B1,ダウナー系お姉さんに毎日カスの嘘を流し込まれる話,,ダウナーケイオネエサンニマイニチカスノウソヲナガシコマレルハナシ,ＫＡＤＯＫＡＷＡ（ＭＦ）,カドカワメディアファクトリー,生倉のゑる,ナマクラノエル,はるばーど屋,原作,ＭＦＣ,,,1,2025/02/21,4-04-684469-8,9784046844699,680,202502-547,,,,他,0
B1,乙女ゲームの破滅フラグしかない悪役令嬢に転生してしまった…,講談社・一迅社,ひだかなみ,,13,,,,138322,1,65,,138322,B1,乙女ゲームの破滅フラグしかない悪役令嬢に転生してしまった…,,オトメゲームノハメツフラグシカナイアクヤクレイジョウニテンセイシテシマッタ,講談社・一迅社,イチジンシャ,ひだかなみ,ヒダカナミ,山口悟,原作,ＩＤコミックス／ＺＥＲＯ－ＳＵＭコミックス,,,1,2018/03/24,4-7580-3338-2,9784758033381,640,50688-67,2018/04/30,,許諾,他,29231
B1,田中くんはいつもけだるげ,スクウェア・エニックス,ウダノゾミ,,13,,,,118569,1,66,,118569,B1,田中くんはいつもけだるげ,,タナカクンハイツモケダルゲ,スクウェア・エニックス,スクウェアエニックス,ウダノゾミ,ウダノゾミ,,,ガンガンコミックスＯＮＬＩＮＥ,,,1,2014/04/26,4-7575-4286-0,9784757542860,562,48129-81,2014/07/18,,許諾,他,23262
B1,転生隠者はほくそ笑む,ＫＡＤＯＫＡＷＡ（富士見）,齋藤ちあき,,3,,,,153002,1,67,,153002,B1,転生隠者はほくそ笑む,,テンセイインジャハホクソエム,ＫＡＤＯＫＡＷＡ（富士見）,カドカワフジミショボウ,齋藤ちあき,サイトウチアキ,住須譲治,原作,ドラゴンコミックスエイジ,ヤングドラゴンエイジ,連載中,1,2021/04/08,4-04-074012-2,9784040740126,660,202104-055,2021/05/09,2027/04/08,許諾,他,0
S2,ヤマありタニおり,講談社,日下直子,,3,,,,95423,1,68,,95423,S2,ヤマありタニおり,,ヤマアリタニオリ,講談社,コウダンシャ,日下直子,クサカナオコ,,,ＫＩＳＳ ＫＣ,ＫＩＳＳ,,1,2009/12/11,4-06-340781-0,9784063407815,419,51060-81,2010/01/11,,許諾,SG,11655
S1,セイギタイ,小学館,浦山慎也,,3,,,,137494,1,69,,137494,S1,セイギタイ,,セイギタイ,小学館,ショウガクカン,浦山慎也,ウラヤマシンヤ,,,少年サンデーコミックス,サンデーＳ,,1,2018/01/18,4-09-128082-X,9784091280824,429,45060-82,2018/02/18,,許諾,他,28789
S2,百花日和,講談社,埜納タオ,,3,,,,81814,1,70,,81814,S2,百花日和,,ヒャッカビヨリ,講談社,コウダンシャ,埜納タオ,ノノウタオ,槙佑子,原案,ＫＩＳＳ　ＫＣ,ＫＩＳＳ　ＰＬＵＳ,,1,2007/08/10,4-06-340663-6,9784063406634,390,51059-63,2007/09/10,,許諾,SZ,9214
B1,氷上のセイリオス,講談社,ザザロン亞南,,3,,,,109393,1,71,,109393,B1,氷上のセイリオス,,ヒョウジョウノセイリオス,講談社,コウダンシャ,ザザロン亞南,ザザロンアナン,,,モーニングＫＣ,モーニング,,1,2012/06/22,4-06-387124-X,9784063871241,600,42673-24,2012/07/22,,許諾,BC,19088
B1,機動戦士クロスボーン・ガンダム 鋼鉄の７人,角川書店,長谷川裕一,,3,,,,78911,1,72,,78911,B1,機動戦士クロスボーン・ガンダム 鋼鉄の７人,,キドウセンシクロスボーンガンダムコウテツノシチニン,角川書店,カドカワカドカワショテン,長谷川裕一,ハセガワユウイチ,,,カドカワコミックスＡ,,,1,2006/12/26,4-04-713888-6,9784047138889,540,200612-045,2014/05/15,2020/03/31,,他,0
B2,聖女の魔力は万能です,ＫＡＤＯＫＡＷＡ（ＭＦ）,藤小豆,,11,,,,137828,1,73,,137828,B2,聖女の魔力は万能です,,セイジョノマリョクハバンノウデス,ＫＡＤＯＫＡＷＡ（ＭＦ）,カドカワメディアファクトリー,藤小豆,フジアズキ,橘由華,原作,ＦＬＯＳ　ＣＯＭＩＣ,,,1,2018/02/05,4-04-069683-2,9784040696836,600,201802-247,2018/03/05,2099/02/04,許諾,他,28977
B1,花やしきの住人たち,角川書店,桂明日香,,3,,,,84985,1,74,,84985,B1,花やしきの住人たち,,ハナヤシキノジュウニンタチ,角川書店,カドカワカドカワショテン,桂明日香,カツラアスカ,,,カドカワコミックスＡ,少年エース,,1,2008/05/26,4-04-715064-9,9784047150645,540,200805-054,2008/06/26,2020/05/25,,BF,7749
B1,ノンポリ,日本文芸社,片山誠,,3,,,,79804,1,75,,79804,B1,ノンポリ,,ノンポリ,日本文芸社,ニホンブンゲイシャ,片山誠,カタヤママコト,,,ニチブンコミックス,,,1,2007/02/09,4-537-10599-2,9784537105995,553,52966-15,2007/03/14,,許諾,他,0
B2,かくりよの宿飯  あやかしお宿に嫁入りします。,ＫＡＤＯＫＡＷＡ（ＥＢ）,衣丘わこ,,12,,,,131539,1,76,,131539,B2,かくりよの宿飯  あやかしお宿に嫁入りします。,,カクリヨノヤドメシアヤカシオヤドニヨメイリシマス,ＫＡＤＯＫＡＷＡ（ＥＢ）,カドカワエンターブレイン,衣丘わこ,イオカワコ,友麻碧,原作,Ｂ’ｓ－ＬＯＧ　ＣＯＭＩＣＳ,,,1,2016/11/15,4-04-734320-X,9784047343207,620,201611-032,2016/12/15,2099/11/14,許諾,他,26569
B1,光が死んだ夏,ＫＡＤＯＫＡＷＡ（角川）,モクモクれん,,8,,,,157207,1,77,,157207,B1,光が死んだ夏,,ヒカルガシンダナツ,ＫＡＤＯＫＡＷＡ（角川）,カドカワカドカワショテン,モクモクれん,モクモクレン,,,カドカワコミックスＡ,,,1,2022/03/03,4-04-112273-2,9784041122730,640,202203-689,2022/04/04,2028/03/03,許諾,他,0
B1,戦う司書と恋する爆弾,集英社,篠原九,,3,,,,88628,1,78,,88628,B1,戦う司書と恋する爆弾,,タタカウシショトコイスルバクダン,集英社,シュウエイシャ,篠原九,シノハラココノツ,山形石雄,原作,ヤングジャンプコミックス,Ｗｅｂ,,1,2009/01/19,4-08-877589-9,9784088775890,600,44265-89,2009/02/19,,許諾,BF,13602
B1,ＢＬＡＳＳＲＥＩＴＥＲ -ｇｅｎｅｔｉｃ-,秋田書店,廣瀬周,,3,,,,84998,1,79,,84998,B1,ＢＬＡＳＳＲＥＩＴＥＲ -ｇｅｎｅｔｉｃ-,,ブラスレイタージェネティック,秋田書店,アキタショテン,廣瀬周,ヒロセシュウ,ニトロプラス,原作,チャンピオンＲＥＤコミックス,チャンピオンＲＥＤ,,1,2008/05/20,4-253-23351-1,9784253233514,552,44941-99,2009/03/14,,許諾,BF,7746
B1,星なき世界の案内人,講談社,初嘉屋一生,,2,,,,174010,1,80,,174010,B1,星なき世界の案内人,,ホシナキセカイノアンナイニン,講談社,コウダンシャ,初嘉屋一生,ハツヨシヤイッセイ,カルロ・ゼン,原作,モーニング　ＫＣ,,,1,2025/10/23,4-06-541022-3,9784065410226,720,42729-51,2025/11/23,,許諾,他,0
B1,ぼくのとなりに暗黒破壊神がいます。,ＫＡＤＯＫＡＷＡ（ＭＦ）,亜樹新,,12,,,,114991,1,81,,114991,B1,ぼくのとなりに暗黒破壊神がいます。,,ボクノトナリニアンコクハカイシンガイマス,ＫＡＤＯＫＡＷＡ（ＭＦ）,カドカワメディアファクトリー,亜樹新,アキアラタ,,,ＭＦコミックスジーンシリーズ,コミックジーン,,1,2013/07/27,4-04-066269-5,9784040662695,533,52660-69,2013/08/27,2099/07/26,許諾,他,21630
B1,ｃｏｓ－ｃｈｕ？,秋田書店,あずまゆき,,3,,,,114315,1,82,,114315,B1,ｃｏｓ－ｃｈｕ？,,コスチュ,秋田書店,アキタショテン,あずまゆき,アズマユキ,,,ヤングチャンピオン烈コミックス,,,1,2013/06/20,4-253-25656-2,9784253256568,562,56021-91,2013/07/20,,許諾,他,21363
B1,社長 島耕作,講談社,弘兼憲史,,16,,,,86961,1,83,,86961,B1,社長 島耕作,,シャチョウシマコウサク,講談社,コウダンシャ,弘兼憲史,ヒロカネケンシ,,,モーニングＫＣ,モーニング,,1,2008/10/23,4-06-372748-3,9784063727487,543,42668-48,2008/11/23,,許諾,BE,8870
B1,２０世紀少年,小学館,浦沢直樹,,22,,,,125,1,84,,125,B1,２０世紀少年,,ニジュッセイキショウネン,小学館,ショウガクカン,浦沢直樹,ウラサワナオキ,,,ビッグコミックス〔スピリッツ〕,ビッグコミックスピリッツ,,1,2000/01/29,4-09-185531-8,9784091855312,505,,2006/07/01,,許諾,BZ,67
B1,ボクラノキセキ,講談社・一迅社,久米田夏緒,,34,,,,89061,1,85,,89061,B1,ボクラノキセキ,,ボクラノキセキ,講談社・一迅社,イチジンシャ,久米田夏緒,クメタナツオ,,,ＩＤコミックス／ＺＥＲＯ－ＳＵＭコミックス,ＺＥＲＯ－ＳＵＭ,連載中,1,2009/02/25,4-7580-5394-4,9784758053945,552,50660-07,2018/01/31,,許諾,BF,13867
B1,ラクガキ～呪いの館～,日本文芸社,粂田晃宏,,8,,,,159675,1,86,,159675,B1,ラクガキ～呪いの館～,,ラクガキノロイノヤカタ,日本文芸社,ニホンブンゲイシャ,粂田晃宏,クメタアキヒロ,志名坂高次,原作,ニチブンコミックス,週刊漫画ゴラク,,1,2022/09/20,4-537-14547-1,9784537145472,700,52988-39,2022/10/20,,許諾,他,0
B1,転生したら才能があった件～異世界行っても努力する～,双葉社,パクパク,,6,,,,164041,1,87,,164041,B1,転生したら才能があった件～異世界行っても努力する～,,テンセイシタラサイノウガアッタケン,双葉社,フタバシャ,パクパク,パクパク,けん,原作,モンスターコミックス,,,1,2023/08/30,4-575-41714-9,9784575417142,680,202308-038,2023/09/30,,許諾,他,0
B1,エロゲの太陽,小学館,村正みかど,,4,,,,121344,1,88,,121344,B1,エロゲの太陽,,エロゲノタイヨウ,小学館,ショウガクカン,村正みかど,ムラマサミカド,はまむらとしきり,原作,ビッグ　コミックス,ビッグコミックスピリッツ,,1,2014/11/28,4-09-186604-2,9784091866042,552,45706-04,2014/12/28,,許諾,他,24593
B2,ゼイチョー！ ～納税課第三収納係～,講談社,慎結,,4,,,,129397,1,89,,129397,B2,ゼイチョー！ ～納税課第三収納係～,,ゼイチョーノウゼイカダイサンシュウノウガカリ,講談社,コウダンシャ,慎結,シンユイ,,,ＫＣＤＸ,ＢＥ ＬＯＶＥ,,1,2016/06/13,4-06-377477-5,9784063774771,690,46565-77,2016/07/13,,許諾,他,26094
B1,ノブナガン,アース・スターエンターテイメント,久正人,,6,,,,107894,1,90,,107894,B1,ノブナガン,,ノブナガン,アース・スターエンターテイメント,アーススターエンターテイメント,久正人,ヒサマサト,,,アース・スターコミックス,,,1,2012/02/12,4-8030-0308-4,9784803003086,595,201202-129,2012/07/10,,許諾,BC,18360
B1,Ｘｅｎｏｓ２ ルームシェア,秋田書店,村生ミオ,,4,,,,81110,1,91,,81110,B1,Ｘｅｎｏｓ２ ルームシェア,,クノセスツールームシェア,秋田書店,アキタショテン,村生ミオ,ムラオミオ,,,ヤングチャンピオン・コミックス,ヤングチャンピオン,,1,2007/06/20,4-253-14766-6,9784253147668,533,56018-35,2007/07/20,,許諾,BF,9517
B1,ＨＩＧＨ ＣＡＲＤ －◇９ Ｎｏ Ｍｅｒｃｙ,スクウェア・エニックス,河本ほむら,,3,,,,161027,1,92,,161027,B1,ＨＩＧＨ ＣＡＲＤ －◇９ Ｎｏ Ｍｅｒｃｙ,,ハイカードノーマーシー,スクウェア・エニックス,スクウェアエニックス,河本ほむら,カワモトホムラ,えびも,原作,ガンガンコミックスＵＰ！,,,1,2023/01/07,4-7575-8337-0,9784757583375,664,48165-87,2023/06/20,,許諾,他,0
B1,レタス２個分のステキ,小学館,田中光,,3,,,,124578,1,93,,124578,B1,レタス２個分のステキ,,レタスニコブンノステキ,小学館,ショウガクカン,田中光,タナカヒカル,,,少年サンデーコミックス〔スペシャル〕,週刊少年サンデー,,1,2015/06/18,4-09-126253-8,9784091262530,530,45092-53,2015/07/18,,許諾,他,0
B1,これ描いて死ね,小学館,とよ田みのる,,8,,,,158098,1,94,,158098,B1,これ描いて死ね,,コレカイテシネ,小学館,ショウガクカン,とよ田みのる,トヨダミノル,,,ゲッサン少年サンデーコミックス,ゲッサン,連載中,1,2022/05/12,4-09-851143-6,9784098511433,745,58511-43,2022/06/12,,許諾,他,0
S1,スーパードクターＫ,講談社,真船一雄,,44,,,,29724,1,95,,29724,S1,スーパードクターＫ,,スーパードクターケー,講談社,コウダンシャ,真船一雄,マフネカズオ,,,週刊マガジンＫＣ,週刊少年マガジン,,1,1988/08/11,4-06-311373-6,9784063113730,379,,2006/12/01,,許諾,SZ,1178
B1,新々 上ってなンボ！！太一よ泣くな,小池書院,叶精作,,12,,,,72597,1,96,,72597,B1,新々 上ってなンボ！！太一よ泣くな,,アガッテナンボタイチヨナクナシン２,小池書院,コイケショイン,叶精作,カノウセイサク,,,キングシリーズ,,,1,2004/09/13,4-88315-899-3,9784883158997,533,,,,,BF,0
S1,怪獣８号,集英社,松本直也,,16,,,,151330,1,97,,151330,S1,怪獣８号,,カイジュウハチゴウ,集英社,シュウエイシャ,松本直也,マツモトナオヤ,,,ジャンプコミックス,,,1,2020/12/04,4-08-882525-X,9784088825250,480,43202-25,2021/01/04,,許諾,他,0
B1,東京エイリアンズ,スクウェア・エニックス,ＮＡＯＥ,,12,,,,150359,1,98,,150359,B1,東京エイリアンズ,,トウキョウエイリアンズ,スクウェア・エニックス,スクウェアエニックス,ＮＡＯＥ,ナオエ,,,Ｇファンタジーコミックス,Ｇファンタジー,連載中,1,2020/09/26,4-7575-6865-7,9784757568655,664,48079-69,2020/10/26,,許諾,他,0
B1,ＮＩＧＨＴ ＨＥＡＤ ＧＥＮＥＳＩＳ,講談社,氷栗優,,3,,,,80881,1,99,,80881,B1,ＮＩＧＨＴ ＨＥＡＤ ＧＥＮＥＳＩＳ,,ナイトヘッドジェネシス,講談社,コウダンシャ,氷栗優,ヒグリユウ,飯田譲治,原作,マガジンＺ　ＫＣ,マガジンＺ,,1,2007/05/23,4-06-349286-9,9784063492866,533,48352-86,2007/06/23,,許諾,BF,9616
B1,ＳＣＨＯＯＬＭＡＴＥ Ｋｉｓｓ,秋田書店,あずまゆき,,3,,,,111915,1,100,,111915,B1,ＳＣＨＯＯＬＭＡＴＥ Ｋｉｓｓ,,スクールメイトキス,秋田書店,アキタショテン,あずまゆき,アズマユキ,,,ヤングチャンピオン・コミックス,ヤングチャンピオン,,1,2012/12/20,4-253-15136-1,9784253151368,533,56021-60,2013/01/20,,許諾,他,20285
S1,新装版 ヤンキー君とメガネちゃん,講談社,吉河美希,,12,,,,136090,1,101,,136090,S1,新装版 ヤンキー君とメガネちゃん,,ヤンキークントメガネチャンシンソウバン,講談社,コウダンシャ,吉河美希,ヨシカワミキ,,,週マガＫＣ,,,1,2017/10/17,4-06-510289-8,9784065102893,780,42288-51,2017/11/17,,許諾,他,28529
B1,ニセドル ～将来をちかいあった幼馴染がアイドルになって遠くにいっちゃったので俺もアイドル（女装）になって追いかけます！～,秋田書店,さざなみ陽輔,,2,,,,174408,1,102,,174408,B1,ニセドル ～将来をちかいあった幼馴染がアイドルになって遠くにいっちゃったので俺もアイドル（女装）になって追いかけます！～,,ニセドルショウライヲチカイアッタオサナナジミガアイドルニナッテトオクニイッチャッタノデオレモアイドルジョソウニナッテオイカケマス,秋田書店,アキタショテン,さざなみ陽輔,サザナミヨウスケ,東毅,原作,少年チャンピオン・コミックス,,,1,2025/11/07,4-253-00498-9,9784253004985,720,40177-23,2025/12/07,,許諾,他,0
S2,ぷくぷく天然かいらんばん,小学館,竜山さゆり,,10,,,,5785,1,103,,5785,S2,ぷくぷく天然かいらんばん,,プクプクテンネンカイランバン,小学館,ショウガクカン,竜山さゆり,タツヤマサユリ,,,ちゃおコミックス,ちゃお,,1,2000/01/26,4-09-133496-2,9784091334961,390,,2006/07/01,,許諾,SG,3739
S2,黒豹と１６歳,講談社,鳥海ペドロ,,11,,,,127336,1,104,,127336,S2,黒豹と１６歳,,クロヒョウトジュウロクサイ,講談社,コウダンシャ,鳥海ペドロ,トリウミペドロ,,,なかよしＫＣ,なかよし,,1,2016/01/13,4-06-364494-4,9784063644944,429,41176-94,2016/02/13,,許諾,他,26143
S1,君と悪いことがしたい,小学館,由田果,,7,,,,161154,1,105,,161154,S1,君と悪いことがしたい,,キミトワルイコトガシタイ,小学館,ショウガクカン,由田果,ユタカ,,,少年サンデーコミックス,,,1,2023/01/18,4-09-851530-X,9784098515301,500,58515-30,2023/02/18,,許諾,他,0
B1,女鍛冶師はお人好しギルドに拾われました～新天地でがんばる鍛冶師生活～,ＫＡＤＯＫＡＷＡ（ＡＭＷ）,百井一途,,7,,,,160297,1,106,,160297,B1,女鍛冶師はお人好しギルドに拾われました～新天地でがんばる鍛冶師生活～,,オンナカジシハオヒトヨシギルドニヒロワレマシタ～シンテンチデガンバルカジシセイカツ～,ＫＡＤＯＫＡＷＡ（ＡＭＷ）,カドカワアスキーメディアワークス,百井一途,モモイイト,日之影ソラ,原作,電撃コミックスＮＥＸＴ,電撃大王,連載中,1,2022/11/25,4-04-914715-7,9784049147155,670,202211-138,2022/12/25,2028/11/24,許諾,他,0
B1,戦闘員、派遣します！,ＫＡＤＯＫＡＷＡ（ＭＦ）,鬼麻正明,,12,,,,140356,1,107,,140356,B1,戦闘員、派遣します！,,セントウインハケンシマス,ＫＡＤＯＫＡＷＡ（ＭＦ）,カドカワメディアファクトリー,鬼麻正明,キアサマサアキ,暁なつめ,原作,ＭＦコミックスアライブシリーズ,アライブ,,1,2018/08/23,4-04-065045-X,9784040650456,550,52671-33,2018/09/23,2027/08/22,許諾,他,0
B2,繕い裁つ人,講談社,池辺葵,,6,,,,103045,1,108,,103045,B2,繕い裁つ人,,ツクロイタツヒト,講談社,コウダンシャ,池辺葵,イケベアオイ,,,ＫＣＤＸ,Ｋｉｓｓ　ＰＬＵＳ,,1,2011/03/11,4-06-376022-7,9784063760224,600,46305-22,2011/04/11,,許諾,BC,16105
S1,究極超人あ～る,小学館,ゆうきまさみ,,9,,,,51044,1,109,,51044,S1,究極超人あ～る,,キュウキョクチョウジンアール,小学館,ショウガクカン,ゆうきまさみ,ユウキマサミ,,,少年サンデーコミックス,週刊少年サンデー,,1,1986/01,4-09-121411-8,9784091214119,360,,,,,SZ,2672
B2,ララの結婚,リブレ,ためこう,,9,,,,141418,1,110,,141418,B2,ララの結婚,,ララノケッコン,リブレ,リブレシュッパン,ためこう,タメコウ,,,ビーボーイコミックスデラックス,,,1,2018/10/10,4-7997-4049-0,9784799740491,687,54773-63,2019/04/01,,許諾,他,0
B1,ドラマな恋は基本から,講談社,榎本あかまる,,8,,,,168043,1,111,,168043,B1,ドラマな恋は基本から,,ドラマナコイハキホンカラ,講談社,コウダンシャ,榎本あかまる,エノモトアカマル,,,モーニング　ＫＣ,モーニング,連載中,1,2024/07/23,4-06-536053-6,9784065360538,690,42723-21,2024/08/23,,許諾,他,0
S2,町でうわさの天狗の子,小学館,岩本ナオ,,12,,,,83208,1,112,,83208,S2,町でうわさの天狗の子,,マチデウワサノテングノコ,小学館,ショウガクカン,岩本ナオ,イワモトナオ,,,フラワーコミックスα,フラワーズ,,1,2007/12/21,4-09-131393-0,9784091313935,400,46023-93,2008/01/21,,許諾,SG,7934
S2,たまらないのは恋なのか,講談社,空華みあ,,6,,,,165511,1,113,,165511,S2,たまらないのは恋なのか,,タマラナイノハコイナノカ,講談社,コウダンシャ,空華みあ,ソラハナミア,,,講談社コミックス別冊フレンド,別冊フレンド,連載中,1,2023/12/13,4-06-533970-7,9784065339701,500,41685-18,2024/01/13,,許諾,他,0
B1,バイオハザード～マルハワデザイア～,秋田書店,芹沢直樹,,5,,,,109362,1,114,,109362,B1,バイオハザード～マルハワデザイア～,,バイオハザード１マルハワデザイア,秋田書店,アキタショテン,芹沢直樹,セリザワナオキ,カプコン,原作,少年チャンピオン・コミックス・エクストラ,週刊少年チャンピオン,,1,2012/06/08,4-253-13291-X,9784253132916,600,40087-22,2012/07/08,,許諾,BC,19023
B1,トリリオンゲーム,小学館,池上遼一,,11,,,,152688,1,115,,152688,B1,トリリオンゲーム,,トリリオンゲーム,小学館,ショウガクカン,池上遼一,イケガミリョウイチ,稲垣理一郎,原作,ビッグコミックス,ビッグコミックスペリオール,,1,2021/03/30,4-09-861010-8,9784098610105,700,58610-10,2021/04/30,,許諾,他,0
B1,魔術師クノンは見えている,ＫＡＤＯＫＡＷＡ（ＭＦ）,Ｌａ－ｎａ,,7,,,,160285,1,116,,160285,B1,魔術師クノンは見えている,,マジュツシクノンハミエテイル,ＫＡＤＯＫＡＷＡ（ＭＦ）,カドカワメディアファクトリー,Ｌａ－ｎａ,ラナ,南野海風,原作,ＭＦコミックスアライブシリーズ,アライブ,連載中,1,2022/11/22,4-04-681878-6,9784046818782,610,52677-47,2022/12/22,2028/11/21,許諾,他,0
B1,１１ｅｙｅｓ －罪と罰の贖いの少女－,角川書店,綾野なおと,,3,,,,95500,1,117,,95500,B1,１１ｅｙｅｓ －罪と罰の贖いの少女－,,イレブンアイズ,角川書店,カドカワカドカワショテン,綾野なおと,アヤノナオト,Ｌａｓｓ,原作,カドカワコミックスＡ,コンプエース,,1,2009/12/26,4-04-715364-8,9784047153646,580,200912-044,2010/01/26,2019/12/25,,BF,11771
B1,ご飯つくりすぎ子と完食系男子,幻冬舎,揚立しの,,14,,,,131580,1,118,,131580,B1,ご飯つくりすぎ子と完食系男子,,ゴハンツクリスギコトカンショクケイダンシ,幻冬舎,ゲントウシャ,揚立しの,アゲタテシノ,,,バーズコミックス,,,1,2016/11/24,4-344-83839-4,9784344838390,630,54257-80,,,,他,26131
B1,酒のほそ道,日本文芸社,ラズウェル細木,,58,,,,9661,1,119,,9661,B1,酒のほそ道,,サケノホソミチ,日本文芸社,ニホンブンゲイシャ,ラズウェル細木,ラズウェルホソキ,,,ニチブンコミックス,週刊漫画ゴラク,連載中,1,1996/01/19,4-537-09639-X,9784537096392,590,52956-97,2007/02/23,,許諾,BF,2241
S1,競女！！！！！！！！,小学館,空詠大智,,18,,,,116358,1,120,,116358,S1,競女！！！！！！！！,,ケイジョ,小学館,ショウガクカン,空詠大智,ソラヨミダイチ,,,少年サンデーコミックス,週刊少年サンデー,,1,2013/11/18,4-09-124505-6,9784091245052,429,45055-05,2013/12/18,,許諾,他,22285
B1,拷問バイトくんの日常,白泉社,次見やをら,,7,,,,162696,1,121,,162696,B1,拷問バイトくんの日常,,ゴウモンバイトクンノニチジョウ,白泉社,ハクセンシャ,次見やをら,ツグミヤヲラ,,,ヤングアニマルコミックス,,,1,2023/04/28,4-592-16532-2,9784592165323,650,44338-86,2023/05/28,,許諾,他,0
B1,鬼人幻燈抄,双葉社,里見有,,10,,,,155093,1,122,,155093,B1,鬼人幻燈抄,,キジンゲントウショウ,双葉社,フタバシャ,里見有,サトミユウ,中西モトオ,原作,,,,1,2021/09/09,4-575-44004-3,9784575440041,650,202109-297,2021/10/09,,許諾,他,0
B1,ストライク・ザ・ブラッド,ＫＡＤＯＫＡＷＡ（ＡＭＷ）,ＴＡＴＥ,,10,,,,111981,1,123,,111981,B1,ストライク・ザ・ブラッド,,ストライクザブラッド,ＫＡＤＯＫＡＷＡ（ＡＭＷ）,カドカワアスキーメディアワークス,ＴＡＴＥ,タテ,三雲岳斗,原作,電撃コミックス,電撃大王,,1,2012/12/15,4-04-891279-8,9784048912792,570,49065-92,,,,他,20254
S1,東京卍リベンジャーズ ～場地圭介からの手紙～,講談社,夏川口幸範,,6,,,,160202,1,124,,160202,S1,東京卍リベンジャーズ ～場地圭介からの手紙～,,トウキョウリベンジャーズバジケイスケカラノテガミ,講談社,コウダンシャ,夏川口幸範,ナツカワグチユキノリ,和久井健,原作,講談社コミックス,,,1,2022/11/17,4-06-529378-2,9784065293782,500,42161-37,2022/12/17,,許諾,他,0
B1,終末のワルキューレ異聞 呂布奉先飛将伝,コアミックス,オノタケオ,,7,,,,148355,1,125,,148355,B1,終末のワルキューレ異聞 呂布奉先飛将伝,,シュウマツノワルキューレイブンリョフホウセンヒショウデン,コアミックス,トクマショテン,オノタケオ,オノタケオ,,,ゼノンコミックス,,,1,2020/04/20,4-86720-120-0,9784867201206,600,56801-22,2020/05/20,,許諾,他,0
B1,平和の国の島崎へ,講談社,瀬下猛,,12,,,,160608,1,126,,160608,B1,平和の国の島崎へ,,ヘイワノクニノシマザキヘ,講談社,コウダンシャ,瀬下猛,セシモタケシ,濱田轟天,原作,モーニング　ＫＣ,モーニング,連載中,1,2022/12/22,4-06-530080-0,9784065300800,680,42712-99,2023/01/22,,許諾,他,0
B1,狗ハンティング,集英社,野口賢,,3,,,,81489,1,127,,81489,B1,狗ハンティング,,ドッグハンティング,集英社,シュウエイシャ,野口賢,ノグチタカシ,,,ジャンプコミックスデラックス,スーパージャンプ,,1,2007/07/04,4-08-859645-5,9784088596457,590,43637-45,,,,BF,6471
S1,黄泉のツガイ,スクウェア・エニックス,荒川弘,,12,,,,158324,1,128,,158324,S1,黄泉のツガイ,,ヨミノツガイ,スクウェア・エニックス,スクウェアエニックス,荒川弘,アラカワヒロム,,,ガンガンコミックス,少年ガンガン,連載中,1,2022/06/10,4-7575-7962-4,9784757579620,500,48162-28,2022/07/10,,許諾,他,0
S2,真綿の檻,小学館,尾崎衣良,,7,,,,159596,1,129,,159596,S2,真綿の檻,,マワタノオリ,小学館,ショウガクカン,尾崎衣良,オザキイラ,,,フラワーＣアルファ,,,1,2022/09/08,4-09-871795-6,9784098717958,500,58717-95,2022/10/08,,許諾,他,0
B1,ｉｓｍ／ｉ,講談社,空十雲,,4,,,,85483,1,130,,85483,B1,ｉｓｍ／ｉ,,イズミ,講談社,コウダンシャ,空十雲,ソラトクモ,夏十耳,原作,マガジンＺ　ＫＣ,マガジンＺ,,1,2008/06/23,4-06-349366-0,9784063493665,571,48353-66,2008/07/23,,許諾,BF,8074
B1,真犯人！！,少年画報社,門尾勇治,,3,,,,86257,1,131,,86257,B1,真犯人！！,,シンハンニン,少年画報社,ショウネンガホウシャ,門尾勇治,カドオユウジ,,,ＹＫコミックス,ヤングキング,,1,2008/08/07,4-7859-3006-3,9784785930066,552,50030-06,2008/09/07,,許諾,BF,8381
B1,完璧すぎて可愛げがないと婚約破棄された聖女は隣国に売られる,オーバーラップ,綾北まご,,8,,,,156804,1,132,,156804,B1,完璧すぎて可愛げがないと婚約破棄された聖女は隣国に売られる,,カンペキスギテカワイゲガナイトコンヤクハキサレタセイジョハリンゴクニウラレル,オーバーラップ,オーバーラップ,綾北まご,アヤキタマゴ,冬月光輝,原作,ガルドコミックス,,,1,2022/02/24,4-8240-0122-6,9784824001221,690,202202-339,2022/03/25,,許諾,他,0
S2,ペルソナ,講談社,庄司陽子,,3,,,,31549,1,133,,31549,S2,ペルソナ,,ペルソナ,講談社,コウダンシャ,庄司陽子,ショウジヨウコ,,,ＢＥ ＬＯＶＥ ＫＣ,ＢＥ ＬＯＶＥ,,1,2001/05/09,4-06-319013-7,9784063190137,429,,2006/12/01,,許諾,SZ,5226
B1,柳生裸真剣,小学館,永井豪とダイナミックプロ,,9,,,,155803,1,134,,155803,B1,柳生裸真剣,,ヤギュウラシンケン,小学館,ショウガクカン,永井豪とダイナミックプロ,ナガイゴウトダイナミックプロ,,,ビッグコミックス〔スペシャル〕,週刊ポスト,,1,2021/11/30,4-09-861224-0,9784098612246,773,58612-24,,,,他,0
S2,キス、おいしい,小学館,室たた,,1,,,,156554,1,135,,156554,S2,キス、おいしい,,キスオイシイ,小学館,ショウガクカン,室たた,ムロタタ,,,フラワーＣアルファ,,全,1,2022/01/07,4-09-871594-5,9784098715947,454,58715-94,2022/02/07,,許諾,他,0
S1,ジゴロ次五郎,講談社,加瀬あつし,,22,,,,61419,1,136,,61419,S1,ジゴロ次五郎,,ジゴロジゴロウ,講談社,コウダンシャ,加瀬あつし,カセアツシ,,,週刊マガジンＫＣ,週刊少年マガジン,,1,2002/08/07,4-06-363140-0,9784063631401,400,,2005/07/21,,許諾,SF,308
S2,夜をぶっとばせ,講談社,吉田まゆみ,,3,,,,37639,1,137,,37639,S2,夜をぶっとばせ,,ヨルヲブットバセ,講談社,コウダンシャ,吉田まゆみ,ヨシダマユミ,,,ミミＫＣ,mimi,,1,1996/04/10,4-06-327502-7,9784063275025,388,,2006/12/01,,許諾,SZ,2169
S1,名探偵コナン 特別編,小学館,青山剛昌,,45,,,,12907,1,138,,12907,S1,名探偵コナン 特別編,,メイタンテイコナントクベツヘン,小学館,ショウガクカン,青山剛昌,アオヤマゴウショウ,,,てんとう虫コミックス,コロコロコミック,,1,1997/01/28,4-09-142531-3,9784091425317,388,,2006/07/01,,許諾,SF,1103
B1,ラグナロックガイ,スコラ,岡崎つぐお,,7,,,,32261,1,139,,32261,B1,ラグナロックガイ,,ラグナロックガイ,スコラ,スコラ,岡崎つぐお,オカザキツグオ,,,バーガーＳＣ,,,1,1991/06,4-7962-4113-2,9784796241137,485,,,,,他,0
B1,悪徳令嬢５０００兆円無双,集英社,新谷信貴,,3,,,,148269,1,140,,148269,B1,悪徳令嬢５０００兆円無双,,アクトクレイジョウゴセンチョウエンムソウ,集英社,シュウエイシャ,新谷信貴,シンタニノブタカ,,,ヤングジャンプコミックス,,,1,2020/04/17,4-08-891503-8,9784088915036,630,44230-03,2020/05/17,,許諾,他,0
S2,婚前ブラック契約 ＯＬは若頭仕込み,竹書房,ユカ,,2,,,,123733,1,141,,123733,S2,婚前ブラック契約 ＯＬは若頭仕込み,,コンゼンブラックケイヤクオーエルハワカガシラジコミ,竹書房,タケショボウ,ユカ,ユカ,,,バンブーコミックス 潤恋オトナセレクション,,,1,2015/04/25,4-8019-5233-X,9784801952331,500,57634-48,2017/05/10,,許諾,他,0
L,ハウアーユー？,祥伝社,山本美希,,1,,,,120630,1,142,,120630,L,ハウアーユー？,,ハウアーユー,祥伝社,ショウデンシャ,山本美希,ヤマモトミキ,,,フィールコミックス,,全,1,2014/09/08,4-396-78205-5,9784396782054,1380,54931-12,2014/10/09,,許諾,他,24060
S1,一ノ瀬家の大罪,集英社,タイザン５,,6,,,,161681,1,143,,161681,S1,一ノ瀬家の大罪,,イチノセケノタイザイ,集英社,シュウエイシャ,タイザン５,タイザンファイブ,,,ジャンプコミックス,週刊少年ジャンプ,,1,2023/03/03,4-08-883437-2,9784088834375,480,43344-37,2023/04/03,,許諾,他,0
S2,ボクのプラチナレディー,小学館,八神千歳,,3,,,,76293,1,144,,76293,S2,ボクのプラチナレディー,,ボクノプラチナレディー,小学館,ショウガクカン,八神千歳,ヤガミチトセ,,,ちゃおコミックス,ちゃお,,1,2005/11/29,4-09-130260-2,9784091302601,390,,2006/07/01,,許諾,SZ,7523
B1,魔法科高校の劣等生  エスケープ編,ＫＡＤＯＫＡＷＡ（ＡＭＷ）,柚木Ｎ’,,5,,,,161860,1,145,,161860,B1,魔法科高校の劣等生  エスケープ編,,マホウカコウコウノレットウセイエスケープヘン,ＫＡＤＯＫＡＷＡ（ＡＭＷ）,カドカワアスキーメディアワークス,柚木Ｎ’,ユズキエヌダッシュ,佐島勤,原作,電撃コミックスＮＥＸＴ,電撃大王,連載中,1,2023/03/25,4-04-914963-X,9784049149630,670,202303-069,2023/04/25,2026/03/24,,他,0
B1,コタローは１人暮らし,小学館,津村マミ,,10,,,,127082,1,146,,127082,B1,コタローは１人暮らし,,コタローハヒトリグラシ,小学館,ショウガクカン,津村マミ,ツムラマミ,,,ビッグコミックス,ビッグコミックスペリオール,,1,2015/12/28,4-09-187355-3,9784091873552,552,45683-55,2016/01/28,,許諾,他,25894
S1,さよなら私のクラマー,講談社,新川直司,,14,,,,130234,1,147,,130234,S1,さよなら私のクラマー,,サヨナラワタシノクラマー,講談社,コウダンシャ,新川直司,アラカワナオシ,,,月刊マガジンＫＣ,月刊少年マガジン,,1,2016/08/17,4-06-392539-0,9784063925395,429,41779-39,2016/09/17,,許諾,他,25391
S2,大阪環状結界都市,秋田書店,白井弓子,,3,,,,141120,1,148,,141120,S2,大阪環状結界都市,,オオサカカンジョウケッカイトシ,秋田書店,アキタショテン,白井弓子,シライユミコ,,,ボニータ・コミックス,ミステリーボニータ,,1,2018/10/16,4-253-26431-X,9784253264310,490,40529-66,2018/11/16,,許諾,他,0
S2,神様はじめました,白泉社,鈴木ジュリエッタ,,25,,,,86614,1,149,,86614,S2,神様はじめました,,カミサマハジメマシタ,白泉社,ハクセンシャ,鈴木ジュリエッタ,スズキジュリエッタ,,,花とゆめコミックス,花とゆめ,,1,2008/09/19,4-592-18506-4,9784592185062,450,43787-28,2008/10/19,,許諾,SC,8633
S1,ドカベン,秋田書店,水島新司,,48,,,,30370,1,150,,30370,S1,ドカベン,,ドカベン,秋田書店,アキタショテン,水島新司,ミズシマシンジ,,,少年チャンピオンコミックス,週刊少年チャンピオン,,1,1972/10/21,4-253-03063-7,9784253030632,419,,2007/02/25,,許諾,他,1422
B1,お兄ちゃんはおしまい！,講談社・一迅社,ねことうふ,,11,,,,139572,1,151,,139572,B1,お兄ちゃんはおしまい！,,オニイチャンハオシマイ,講談社・一迅社,イチジンシャ,ねことうふ,ネコトウフ,,,ＩＤコミックス,,,1,2018/06/27,4-7580-6750-3,9784758067508,680,50689-63,2018/08/10,,許諾,他,29886
B1,Ｈｕｓｈ Ｈｕｓｈ ～ある日のリスとコヨーテ～,ＫＡＤＯＫＡＷＡ（ＭＦ）,ＲＯＪＥＲ,,3,,,,145273,1,152,,145273,B1,Ｈｕｓｈ Ｈｕｓｈ ～ある日のリスとコヨーテ～,,ハシュハシュアルヒノリストコヨーテ,ＫＡＤＯＫＡＷＡ（ＭＦ）,カドカワメディアファクトリー,ＲＯＪＥＲ,ロジェ,,,ＭＦＣジーンピクシブシリーズ,,,1,2019/08/26,4-04-065874-4,9784040658742,920,201908-094,2019/09/26,2022/08/25,,他,0
B1,異世界のんびり農家,ＫＡＤＯＫＡＷＡ（富士見）,剣康之,,16,,,,138255,1,153,,138255,B1,異世界のんびり農家,,イセカイノンビリノウカ,ＫＡＤＯＫＡＷＡ（富士見）,カドカワフジミショボウ,剣康之,ツルギヤスユキ,内藤騎之介,原作,ドラゴンコミックスエイジ,ドラゴンエイジ,連載中,1,2018/03/05,4-04-072604-9,9784040726045,760,201803-032,2018/04/05,2027/03/04,許諾,他,29178
B1,ＨｏｎｅｙＣｏｍｉｎｇ～すうぃーとＬＯＶＥレッスン～,角川書店,高野うい,,3,,,,81758,1,154,,81758,B1,ＨｏｎｅｙＣｏｍｉｎｇ～すうぃーとＬＯＶＥレッスン～,,ハニーカミング,角川書店,カドカワカドカワショテン,高野うい,タカノウイ,,,カドカワコミックスＡ,,,1,2007/08/10,4-04-713951-3,9784047139510,540,200708-033,2007/09/10,2019/08/09,,他,0
文庫,ミスター味っ子,講談社,寺沢大介,,10,,,,66905,1,155,,66905,文庫,ミスター味っ子,,ミスターアジッコ,講談社,コウダンシャ,寺沢大介,テラサワダイスケ,,,講談社漫画文庫,,,1,2001/11/09,4-06-360111-0,9784063601114,650,,2005/08/31,,許諾,他,0
B1,鳳,日本文芸社,渡辺みちお,,13,,,,76306,1,156,,76306,B1,鳳,,オオトリ,日本文芸社,ニホンブンゲイシャ,渡辺みちお,ワタナベミチオ,,,ニチブンコミックス,週刊漫画ゴラク,,1,2005/11/18,4-537-10455-4,9784537104554,524,52964-83,2007/02/28,,許諾,BF,2870
B1,ＧＡＮＴＺ,集英社,奥浩哉,,37,,,,664,1,157,,664,B1,ＧＡＮＴＺ,,ガンツ,集英社,シュウエイシャ,奥浩哉,オクヒロヤ,,,ヤングジャンプコミックス,ヤングジャンプ,,1,2000/12/11,4-08-876105-7,9784088761053,590,44248-05,2006/01/01,,許諾,BC,61
S1,うる星やつら,小学館,高橋留美子,,34,,,,2265,1,158,,2265,S1,うる星やつら,,ウルセイヤツラ,小学館,ショウガクカン,高橋留美子,タカハシルミコ,,,少年サンデーコミックス,週刊少年サンデー,,1,1980/03/22,4-09-120441-4,9784091204417,359,,2006/07/01,,許諾,SZ,0
B1,秘すれば,秋田書店,かんの糖子,,3,,,,125309,1,159,,125309,B1,秘すれば,,ヒスレバ,秋田書店,アキタショテン,かんの糖子,カンノトウコ,,,ヤングチャンピオンコミックス,別冊ヤングチャンピオン,,1,2015/08/20,4-253-14081-5,9784253140812,562,56022-57,2015/09/20,,許諾,他,25119
S1,廻天のアルバス,小学館,箭坪幹,,8,,,,168975,1,160,,168975,S1,廻天のアルバス,,カイテンノアルバス,小学館,ショウガクカン,箭坪幹,ヤツボミキ,牧彰久,原作,少年サンデーコミックス,週刊少年サンデー,連載中,1,2024/09/18,4-09-853577-7,9784098535774,540,58535-77,2024/10/18,,許諾,他,0
B1,ブルーピリオド,講談社,山口つばさ,,19,,,,136943,1,161,,136943,B1,ブルーピリオド,,ブルーピリオド,講談社,コウダンシャ,山口つばさ,ヤマグチツバサ,,,アフタヌーンＫＣ,アフタヌーン,連載中,1,2017/12/22,4-06-510586-2,9784065105863,790,55734-04,2018/01/22,,許諾,他,28569
B1,異世界ゆるっとサバイバル生活～学校の皆と異世界の無人島に転移したけど俺だけ楽勝です～,ＫＡＤＯＫＡＷＡ（富士見）,西尾洋一,,9,,,,152597,1,162,,152597,B1,異世界ゆるっとサバイバル生活～学校の皆と異世界の無人島に転移したけど俺だけ楽勝です～,,イセカイユルットサバイバルセイカツ～ガッコウノミンナトイセカイノムジントウニテンイシタケドオレダケラクショウデス～,ＫＡＤＯＫＡＷＡ（富士見）,カドカワフジミショボウ,西尾洋一,ニシオヨウイチ,未定,原作,ドラゴンコミックスエイジ,ドラゴンエイジ,連載中,1,2021/03/08,4-04-074011-4,9784040740119,660,202103-378,2021/04/09,2027/03/08,許諾,他,0
B1,１０－４（テンフォー）,スクウェア・エニックス,葉芝真己,,3,,,,95636,1,163,,95636,B1,１０－４（テンフォー）,,テンフォー,スクウェア・エニックス,スクウェアエニックス,葉芝真己,ハシバマキ,,,Ｇファンタジーコミックス,Ｇファンタジー,,1,2009/12/26,4-7575-2766-7,9784757527669,571,48075-59,2010/03/10,,許諾,BF,11811
B1,ラブホいこうよ？,白泉社,鬼ノ仁,,3,,,,83188,1,164,,83188,B1,ラブホいこうよ？,,ラブホイコウヨ,白泉社,ハクセンシャ,鬼ノ仁,キノヒトシ,,,ジェッツコミックス,ヤングアニマル嵐,,1,2007/12/20,4-592-14491-0,9784592144915,552,44325-37,2008/01/20,,許諾,BF,9783
B1,メルヘンクラウン,集英社,あおいくじらＸアジチカ,,3,,,,173975,1,165,,173975,B1,メルヘンクラウン,,メルヘンクラウン,集英社,シュウエイシャ,あおいくじらＸアジチカ,アオイクジラアジチカ,赤坂アカ,原作,ヤングジャンプコミックス,ヤングジャンプ,連載中,1,2025/10/17,4-08-893791-0,9784088937915,740,44361-91,2025/11/17,,許諾,他,0
B1,デストロ０１６,小学館,高橋慶太郎,,7,,,,155793,1,166,,155793,B1,デストロ０１６,,デストロ０１６,小学館,ショウガクカン,高橋慶太郎,タカハシケイタロウ,,,サンデーＧＸコミックス,サンデーＧＸ,連載中,1,2021/11/19,4-09-157663-X,9784091576637,600,44056-63,2021/12/19,,許諾,他,0
B1,無自覚な天才魔導具師はのんびり暮らしたい,双葉社,朝岡とわ,,3,,,,164987,1,167,,164987,B1,無自覚な天才魔導具師はのんびり暮らしたい,,ムジカクナテンサイマドウグシハノンビリクラシタイ,双葉社,フタバシャ,朝岡とわ,アサオカトワ,日之影ソラ,原作,モンスターコミックスｆ,,,1,2023/10/10,4-575-41741-6,9784575417418,680,202310-401,2023/11/10,,許諾,他,0
B1,海獣の子供,小学館,五十嵐大介,,5,,,,81535,1,168,,81535,B1,海獣の子供,,カイジュウノコドモ,小学館,ショウガクカン,五十嵐大介,イガラシダイスケ,,,ＩＫＫＩ　ＣＯＭＩＸ,ＩＫＫＩ,,1,2007/07/30,4-09-188368-0,9784091883681,780,45903-68,2007/08/30,,許諾,BF,6492
B1,無職転生 ～ロキシーだって本気です～,ＫＡＤＯＫＡＷＡ（ＭＦ）,石見翔子,,12,,,,138276,1,169,,138276,B1,無職転生 ～ロキシーだって本気です～,,ムショクテンセイロキシーダッテホンキデス,ＫＡＤＯＫＡＷＡ（ＭＦ）,カドカワメディアファクトリー,石見翔子,イワミショウコ,理不尽な孫の手,原作,ＭＦＣ,,,1,2018/03/23,4-04-069697-2,9784040696973,600,201803-080,2018/04/22,2027/03/21,許諾,他,29195
B1,．ｈａｃｋ／／ＬＩＮＫ,角川書店,喜久屋めがね,,3,,,,89770,1,170,,89770,B1,．ｈａｃｋ／／ＬＩＮＫ,,ドットハックリンク,角川書店,カドカワカドカワショテン,喜久屋めがね,キクヤメガネ,新里裕人,原案,カドカワコミックスＡ,ケロケロエース,,1,2009/03/23,4-04-715211-0,9784047152113,560,200903-210,,,,BF,14075
B1,化物語,講談社,大暮維人,,22,,,,139445,1,171,,139445,B1,化物語,,バケモノガタリ,講談社,コウダンシャ,大暮維人,オオグレイト,西尾維新,原作,ＫＣＤＸ,週刊少年マガジン,,1,2018/06/15,4-06-511617-1,9784065116173,720,46570-39,2018/07/15,,許諾,他,29830
B1,鬼畜島 ダスト・エンペラー,リイド社,外薗昌也,,8,,,,167973,1,172,,167973,B1,鬼畜島 ダスト・エンペラー,,キチクジマダストエンペラー,リイド社,リイドシャ,外薗昌也,ホカゾノマサヤ,,,ＳＰコミックス　リイドカフェコミックス,,,1,2024/06/28,4-8458-6660-9,9784845866601,700,50465-98,2024/07/31,,許諾,他,0
S2,むせるくらいの愛をあげる,講談社,岩下慶子,,7,,,,162499,1,173,,162499,S2,むせるくらいの愛をあげる,,ムセルクライノアイヲアゲル,講談社,コウダンシャ,岩下慶子,イワシタケイコ,,,ＫＣ　デザート,デザート,連載中,1,2023/04/13,4-06-531338-4,9784065313381,500,46542-65,2023/05/13,,許諾,他,0
B1,快盗天使ツインエンジェル,角川書店,瀬菜モナコ,,3,,,,89092,1,174,,89092,B1,快盗天使ツインエンジェル,,カイトウテンシツインエンジェル,角川書店,カドカワカドカワショテン,瀬菜モナコ,セナモナコ,,,カドカワコミックスＡ,コンプエース,,1,2009/02/26,4-04-715192-0,9784047151925,580,200902-053,2009/03/26,2021/02/25,,BZ,13872
B1,キャロル＆チューズデイ,ＫＡＤＯＫＡＷＡ（角川）,山高守人,,3,,,,145659,1,175,,145659,B1,キャロル＆チューズデイ,,キャロルアンドチューズデイ,ＫＡＤＯＫＡＷＡ（角川）,カドカワカドカワショテン,山高守人,ヤマタカモリト,ＢＯＮＥＳ,原作,カドカワコミックスＡ,ヤングエース,,1,2019/09/03,4-04-108700-7,9784041087008,620,201909-139,2019/10/04,2022/09/03,,他,0
B1,ＴＯＫＫＯ,講談社,藤沢とおる,,3,,,,70737,1,176,,70737,B1,ＴＯＫＫＯ,,トッコウ,講談社,コウダンシャ,藤沢とおる,フジサワトオル,,,アフタヌーンＫＣ,アフタヌーン,,1,2004/02/06,4-06-314338-4,9784063143386,514,,2005/07/31,2017/02/17,,BF,9620
B1,世界の孫,講談社,ＳＡＢＥ,,3,,,,78220,1,177,,78220,B1,世界の孫,,セカイノソン,講談社,コウダンシャ,ＳＡＢＥ,サベ,,,アフタヌーンＫＣ,アフタヌーン,,1,2006/09/22,4-06-314429-1,9784063144291,619,,2006/12/01,,許諾,BF,6382
B1,新装版  動物のお医者さん,小学館,佐々木倫子,,12,,,,166575,1,178,,166575,B1,新装版  動物のお医者さん,,ドウブツノオイシャサン,小学館,ショウガクカン,佐々木倫子,ササキノリコ,,,ビッグコミックス,,,1,2024/01/30,4-09-862731-0,9784098627318,650,58627-31,2024/02/29,,許諾,他,0
B1,蜘蛛ですが、なにか？,ＫＡＤＯＫＡＷＡ（角川）,かかし朝浩,,16,,,,129886,1,179,,129886,B1,蜘蛛ですが、なにか？,,クモデスガナニカ,ＫＡＤＯＫＡＷＡ（角川）,カドカワカドカワショテン,かかし朝浩,カカシアサヒロ,馬場翁,原作,カドカワコミックスＡ,,,1,2016/07/08,4-04-104551-7,9784041045510,580,201607-028,2016/08/09,2099/07/08,許諾,他,25319
B1,妖怪大戦争 ガーディアンズ,ＫＡＤＯＫＡＷＡ（角川）,鈴木小波,,3,,,,153022,1,180,,153022,B1,妖怪大戦争 ガーディアンズ,,ヨウカイダイセンソウガーディアンズ,ＫＡＤＯＫＡＷＡ（角川）,カドカワカドカワショテン,鈴木小波,スズキサナミ,渡辺雄介,脚本,カドカワコミックスＡ,少年エース,,1,2021/04/24,4-04-111375-X,9784041113752,640,202104-100,,,,他,0
B1,半分、青い。,ＫＡＤＯＫＡＷＡ（ＭＦ）,村田順子,,3,,,,140751,1,181,,140751,B1,半分、青い。,,ハンブンアオイ,ＫＡＤＯＫＡＷＡ（ＭＦ）,カドカワメディアファクトリー,村田順子,ムラタジュンコ,北川悦吏子,原作,書籍扱いコミックス,,,1,2018/12/07,4-04-065221-5,9784040652214,650,201809-039,2019/01/07,2099/12/06,許諾,他,0
S2,王家の紋章,秋田書店,細川智栄子あんど芙～みん,,70,,,,7720,1,182,,7720,S2,王家の紋章,,オウケノモンショウ,秋田書店,アキタショテン,細川智栄子あんど芙～みん,ホソカワチエコ,,,プリンセスコミックス,プリンセス,連載中,1,1977/01/24,4-253-07060-4,9784253070607,419,,2007/02/25,,許諾,SG,182
S2,はつめいプリンセス,小学館,くまがい杏子,,3,,,,78991,1,183,,78991,S2,はつめいプリンセス,,ハツメイプリンセス,小学館,ショウガクカン,くまがい杏子,クマガイキョウコ,,,フラワーコミックス〔少コミ〕,少女コミック,,1,2006/12/21,4-09-130742-6,9784091307422,390,46017-42,2007/01/20,,許諾,他,7621
S2,夢の雫、黄金の鳥籠,小学館,篠原千絵,,20,,,,105813,1,184,,105813,S2,夢の雫、黄金の鳥籠,,ユメノシズクオウゴンノトリカゴ,小学館,ショウガクカン,篠原千絵,シノハラチエ,,,フラワーＣアルファ,姉系プチコミック,,1,2011/09/09,4-09-134010-5,9784091340108,400,46050-10,2011/10/09,,許諾,SC,17255
S2,スリーピング ビューティー,集英社,吉川新,,3,,,,67911,1,185,,67911,S2,スリーピング ビューティー,,スリーピングビューティー,集英社,シュウエイシャ,吉川新,ヨシカワアラタ,,,マーガレットコミックス,マーガレット,,1,2003/06/25,4-08-847639-5,9784088476391,390,57236-39,2006/01/01,,許諾,他,0
S1,彼女、お借りします,講談社,宮島礼吏,,45,,,,136069,1,186,,136069,S1,彼女、お借りします,,カノジョオカリシマス,講談社,コウダンシャ,宮島礼吏,ミヤジマレイジ,,,週マガＫＣ,週刊少年マガジン,連載中,1,2017/10/17,4-06-510221-9,9784065102213,480,42288-28,2017/11/17,,許諾,他,28202
B1,Ｃｈｅｅｒｓ！,エンジェル出版（双葉社）,チャーリーにしなか,,21,,,,73316,1,187,,73316,B1,Ｃｈｅｅｒｓ！,,チアーズ,エンジェル出版（双葉社）,エンジェルシュッパン,チャーリーにしなか,チャーリーニシナカ,,,アクションコミックス,メンズヤング,,1,2004/12/25,4-575-83046-1,9784575830460,600,,2006/02/01,,許諾,BF,9805
B1,ラブスマ,少年画報社,夕凪薫,,3,,,,82215,1,188,,82215,B1,ラブスマ,,ラブスマ,少年画報社,ショウネンガホウシャ,夕凪薫,ユウナギカオル,,,ＹＫコミックス,月刊ヤングキング,,1,2007/09/19,4-7859-2849-2,9784785928490,571,50028-49,2007/11/07,,許諾,BF,6574
S2,ＮＡＮＡ,集英社,矢沢あい,,21,,,,1067,1,189,,1067,S2,ＮＡＮＡ,,ナナ,集英社,シュウエイシャ,矢沢あい,ヤザワアイ,,,りぼんマスコットコミックス,クッキー,休載中,1,2000/05/15,4-08-856209-7,9784088562094,520,43272-09,2006/01/01,,許諾,SZ,42
B1,いもうとデイズ,講談社,田中ユキ,,4,,,,93807,1,190,,93807,B1,いもうとデイズ,,イモウトデイズ,講談社,コウダンシャ,田中ユキ,タナカユキ,,,アフタヌーンＫＣ,アフタヌーン,,1,2009/09/23,4-06-314595-6,9784063145953,543,55724-95,2009/10/23,,許諾,BF,11039
S1,タカラの膳,講談社,山本航暉,,3,,,,114240,1,191,,114240,S1,タカラの膳,,タカラノゼン,講談社,コウダンシャ,山本航暉,ヤマモトカズキ,天碕莞爾,原作,週マガＫＣ,週刊少年マガジン,,1,2013/06/17,4-06-384886-8,9784063848861,429,42276-86,2013/07/17,,許諾,他,21341
B1,金田一３７歳の事件簿,講談社,さとうふみや,,18,,,,139448,1,192,,139448,B1,金田一３７歳の事件簿,,キンダイチサンジュウナナサイノジケンボ,講談社,コウダンシャ,さとうふみや,サトウフミヤ,天樹征丸,原作,イブニングＫＣ,イブニング,,1,2018/06/15,4-06-511687-2,9784065116876,690,41547-27,2018/07/15,,許諾,他,29833
B1,Ｄ．Ｃ．Ｓ．Ｇ． ダカーポ～セカンドグラデュエーション～,角川書店,Ｃｈｅｒｉｓｈ,,3,,,,74280,1,193,,74280,B1,Ｄ．Ｃ．Ｓ．Ｇ． ダカーポ～セカンドグラデュエーション～,,ダカーポセカンドグラデュエーション,角川書店,カドカワカドカワショテン,Ｃｈｅｒｉｓｈ,チェリッシュ,,,カドカワコミックスＡ,,,1,2005/04/09,4-04-713719-7,9784047137196,540,,,,,他,0
B1,魔術ギルド総帥～生まれ変わって今更やり直す２度目の学院生活～,講談社,望月秋五郎,,12,,,,165506,1,194,,165506,B1,魔術ギルド総帥～生まれ変わって今更やり直す２度目の学院生活～,,マジュツギルドソウサイ,講談社,コウダンシャ,望月秋五郎,モチヅキシュウゴロウ,白石新,原作,ＫＣデラックス,,,1,2023/12/07,4-06-533934-0,9784065339343,690,46590-62,2024/01/07,,許諾,他,0
B1,勇者と魔王のラブコメ,竹書房,ホリエリュウ,,7,,,,142613,1,195,,142613,B1,勇者と魔王のラブコメ,,ユウシャトマオウノラブコメ,竹書房,タケショボウ,ホリエリュウ,ホリエリュウ,,,バンブーコミックス,,,1,2019/01/30,4-8019-6502-4,9784801965027,660,57647-21,2019/03/01,,許諾,他,0
S2,推しにガチ恋しちゃったら,集英社,春江ひかる,,6,,,,166225,1,196,,166225,S2,推しにガチ恋しちゃったら,,オシニガチコイシチャッタラ,集英社,シュウエイシャ,春江ひかる,ハルエヒカル,,,マーガレットコミックス,別冊マーガレット,,1,2024/02/22,4-08-844890-1,9784088448909,480,43198-90,2024/03/22,,許諾,他,0
B1,危ノーマル系女子,ほるぷ出版,真田ジューイチ,,3,,,,112541,1,197,,112541,B1,危ノーマル系女子,,アブノーマルケイジョシ,ほるぷ出版,ホルプシュッパン,真田ジューイチ,サナダジューイチ,,,メテオＣＯＭＩＣＳ,,,1,2013/01/11,4-593-85720-1,9784593857203,571,201301-162,,,,他,20404
S2,初めて恋をした日に読む話,集英社,持田あき,,19,,,,131432,1,198,,131432,S2,初めて恋をした日に読む話,,ハジメテコイヲシタヒニヨムハナシ,集英社,シュウエイシャ,持田あき,モチダアキ,,,マーガレットコミックス,クッキー,連載中,1,2016/11/25,4-08-845675-0,9784088456751,440,43159-75,2016/12/25,,許諾,他,26454
B1,ラビリンス,芳文社,雅亜公,,3,,,,83295,1,199,,83295,B1,ラビリンス,,ラビリンス,芳文社,ホウブンシャ,雅亜公,マアコー,,,芳文社コミックス,週刊漫画ＴＩＭＥＳ,,1,2007/12/17,4-8322-3102-2,9784832231023,552,50524-07,2008/01/17,,許諾,BF,0
B1,村祀り,芳文社,山口譲司,,20,,,,125152,1,200,,125152,B1,村祀り,,ムラマツリ,芳文社,ホウブンシャ,山口譲司,ヤマグチマサカズ,木口銀,原案,芳文社コミックス,週刊漫画ＴＩＭＥＳ,,1,2015/07/16,4-8322-3461-7,9784832234611,590,50527-69,2015/08/16,,許諾,他,26317
B1,誰も知らない～子不語～,集英社,夏達,,3,,,,94282,1,201,,94282,B1,誰も知らない～子不語～,,ダレモシラナイツプウユウ,集英社,シュウエイシャ,夏達,シャアタア,,,ヤングジャンプコミックス,ウルトラジャンプ,,1,2009/10/19,4-08-877747-6,9784088777474,600,44267-47,2009/11/19,,許諾,BF,11236
S2,黒崎くんの言いなりになんてならないＳ,講談社,マキノ,,2,,,,164719,1,202,,164719,S2,黒崎くんの言いなりになんてならないＳ,,ｸﾛｻｷｸﾝﾉｲｲﾅﾘﾆﾅﾝﾃﾅﾗﾅｲｴｽ,講談社,コウダンシャ,マキノ,マキノ,,,講談社コミックス別冊フレンド,,,1,2023/10/13,4-06-533315-6,9784065333150,500,41685-01,2023/11/13,,許諾,他,0
B1,ラッキーセブンスター,集英社,橘賢一,,3,,,,82503,1,203,,82503,B1,ラッキーセブンスター,,ラッキーセブンスター,集英社,シュウエイシャ,橘賢一,タチバナケンイチ,,,ヤングジャンプコミックス,ヤングジャンプ,,1,2007/10/19,4-08-877345-4,9784088773452,505,44259-45,2007/11/19,,許諾,BF,6465
B1,レギオン,秋田書店,藤澤勇希,,3,,,,84185,1,204,,84185,B1,レギオン,,レギオン,秋田書店,アキタショテン,藤澤勇希,フジサワユウキ,,,プレイコミック・シリーズ,プレイコミック,,1,2008/03/19,4-253-25111-0,9784253251112,552,51612-58,2008/04/19,,許諾,BF,7300
B1,氷の城壁,集英社,阿賀沢紅茶,,14,,,,163910,1,205,,163910,B1,氷の城壁,,コオリノジョウヘキ,集英社,シュウエイシャ,阿賀沢紅茶,アガサワコウチャ,,,ジャンプコミックス,,,1,2023/07/04,4-08-883544-1,9784088835440,900,43345-44,2023/08/04,,許諾,他,0
B2,薄桜鬼 黎明録,アスキー・メディアワークス,暁かおり,,3,,,,109478,1,206,,109478,B2,薄桜鬼 黎明録,,ハクオウキレイメイロク,アスキー・メディアワークス,カドカワアスキーメディアワークス,暁かおり,アカツキカオリ,オトメイト,原作,シルフコミックス,,,1,2012/06/22,4-04-886717-2,9784048867177,600,201206-164,,,,BC,19094
B1,勇者伝説の裏側で俺は英雄伝説を作ります ～王道殺しの英雄譚～,双葉社,まお・荒井空真,,11,,,,148512,1,207,,148512,B1,勇者伝説の裏側で俺は英雄伝説を作ります ～王道殺しの英雄譚～,,ユウシャデンセツノウラガワデオレハエイユウデンセツヲツクリマスオウドウゴロシノエイユウタン,双葉社,フタバシャ,まお・荒井空真,マオアライクウマ,ナカノムラアヤスケ,原作,モンスターコミックス,,,1,2020/04/30,4-575-41114-0,9784575411140,620,202004-332,2020/05/30,,許諾,他,0
S2,七星におまかせ,集英社,浦川まさる,,3,,,,9570,1,208,,9570,S2,七星におまかせ,,ナナセニオマカセ,集英社,シュウエイシャ,浦川まさる,ウラカワマサル,,,マーガレットコミックス,マーガレット,,1,1998/01,4-08-848755-9,9784088487557,390,,,,,他,1596
B1,虐殺器官,ＫＡＤＯＫＡＷＡ（角川）,麻生我等,,3,,,,129365,1,209,,129365,B1,虐殺器官,,ギャクサツキカン,ＫＡＤＯＫＡＷＡ（角川）,カドカワカドカワショテン,麻生我等,アソウワレラ,伊藤計劃／Project Itoh,原作,カドカワコミックスＡ,,,1,2016/03/26,4-04-104067-1,9784041040676,580,,2016/04/26,2019/03/25,,他,25317
愛蔵,湘南爆走族,少年画報社,吉田聡,,8,,,,35024,1,210,,35024,愛蔵,湘南爆走族,,ショウナンバクソウゾク,少年画報社,ショウネンガホウシャ,吉田聡,ヨシダサトシ,,,,,,1,1990/07,4-7859-4645-8,9784785946456,1165,,,,,他,0
B1,変わるわよッ☆,少年画報社,葉月京,,3,,,,73678,1,211,,73678,B1,変わるわよッ☆,,カワルワヨッ,少年画報社,ショウネンガホウシャ,葉月京,ハツキキョウ,,,YCコミックス,ヤングコミック,,1,2005/02/25,4-7859-2518-3,9784785925185,648,50025-18,2006/01/01,,許諾,BF,6565
B1,紫雲寺家の子供たち,白泉社,宮島礼吏,,9,,,,158692,1,212,,158692,B1,紫雲寺家の子供たち,,シウンジケノコドモタチ,白泉社,ハクセンシャ,宮島礼吏,ミヤジマレイジ,雪野れいじ,協力,ヤングアニマルコミックス,ヤングアニマル,連載中,1,2022/07/15,4-592-16701-5,9784592167013,650,44338-27,2022/08/15,,許諾,他,0
S2,オレら降臨！,小学館,杉山美和子,,3,,,,92439,1,213,,92439,S2,オレら降臨！,,オレラコウリン,小学館,ショウガクカン,杉山美和子,スギヤマミワコ,,,ちゅちゅコミックス,ちゅちゅ,,1,2009/07/24,4-09-132689-7,9784091326898,400,46036-89,2009/08/24,,許諾,SG,10635
S1,荒くれＫＮＩＧＨＴ,秋田書店,吉田聡,,28,,,,86847,1,214,,86847,S1,荒くれＫＮＩＧＨＴ,,アラクレナイト,秋田書店,アキタショテン,吉田聡,ヨシダサトシ,,,少年チャンピオン・コミックス,,,1,2008/10/08,4-253-21491-6,9784253214919,533,40098-14,2008/11/08,,許諾,SF,8775
B1,社長、恋人のフリをして私の父に会ってください。,少年画報社,塩野干支郎次,,2,,,,151142,1,215,,151142,B1,社長、恋人のフリをして私の父に会ってください。,,シャチョウコイビトノフリヲシテワタシノチチニアッテクダサイ,少年画報社,ショウネンガホウシャ,塩野干支郎次,シオノエトロウジ,,,ＹＫコミックス,アワーズＧＨ,,1,2020/11/30,4-7859-6805-2,9784785968052,650,50058-57,2020/12/30,,許諾,他,0
S2,好きっていいなよ。,講談社,葉月かなえ,,18,,,,86176,1,216,,86176,S2,好きっていいなよ。,,スキッテイイナヨ,講談社,コウダンシャ,葉月かなえ,ハヅキカナエ,,,デザートＫＣ,デザート,,1,2008/08/11,4-06-365517-2,9784063655179,429,46535-17,2008/09/11,,許諾,SC,8416
B1,超人Ｘ,集英社,石田スイ,,15,,,,156000,1,217,,156000,B1,超人Ｘ,,チョウジンエックス,集英社,シュウエイシャ,石田スイ,イシダスイ,,,ヤングジャンプコミックス,ヤングジャンプ,連載中,1,2021/12/17,4-08-892166-6,9784088921662,750,44295-66,2022/01/17,,許諾,他,0
B1,元祖ユルヴァちゃん,講談社,西本英雄,,3,,,,85480,1,218,,85480,B1,元祖ユルヴァちゃん,,ガンソユルヴァチャン,講談社,コウダンシャ,西本英雄,ニシモトヒデオ,,,アフタヌーンＫＣ,アフタヌーン,,1,2008/06/23,4-06-314511-5,9784063145113,495,55724-11,2008/07/23,,許諾,BF,8077
S2,誘惑ヒーリング,小学館,長谷部百合,,3,,,,13109,1,219,,13109,S2,誘惑ヒーリング,,ユウワクヒーリング,小学館,ショウガクカン,長谷部百合,ハセベユリ,,,フラワーコミックス〔Ｃｈｅｅｓｅ！〕,Ｃｈｅｅｓｅ！,,1,2001/04/24,4-09-135164-6,9784091351647,390,,2006/07/01,,許諾,SZ,781
B2,女の園の星,祥伝社,和山やま,,4,,,,149579,1,220,,149579,B2,女の園の星,,オンナノソノノホシ,祥伝社,ショウデンシャ,和山やま,ワヤマヤマ,,,フィールコミックス,,,1,2020/07/08,4-396-76797-8,9784396767976,680,54935-55,2020/08/09,,許諾,他,0
S1,プロレススーパースター列伝,小学館,原田久仁信,,17,,,,51550,1,221,,51550,S1,プロレススーパースター列伝,,プロレススーパースターレツデン,小学館,ショウガクカン,原田久仁信,ハラダクニチカ,,,少年サンデーコミックス,週刊少年サンデー,,1,0000/01,4-09-120541-0,9784091205414,340,,,,,SZ,3909
S2,黒子と悪役くん,講談社,山科ティナ,,2,,,,169198,1,222,,169198,S2,黒子と悪役くん,,クロコトアクヤククン,講談社,コウダンシャ,山科ティナ,ヤマシナティナ,,,ＫＣ　デザート,,,1,2024/10/11,4-06-537178-3,9784065371787,500,46544-14,2024/11/11,,許諾,他,0
L,ねこに転生したおじさん,ＫＡＤＯＫＡＷＡ（ＥＢ）,やじま,,4,,,,166268,1,223,,166268,L,ねこに転生したおじさん,,ネコニテンセイシタオジサン,ＫＡＤＯＫＡＷＡ（ＥＢ）,カドカワエンターブレイン,やじま,ヤジマ,,,,,,1,2023/12/05,4-04-737717-1,9784047377172,1250,,,,,他,0
B2,執着ボイス,芳文社,桜庭ちどり,,2,,,,147771,1,224,,147771,B2,執着ボイス,,シュウチャクボイス,芳文社,ホウブンシャ,桜庭ちどり,サクラバチドリ,,,花音コミックス,,,1,2020/02/27,4-8322-9122-X,9784832291225,660,51361-62,2020/03/27,,許諾,他,0
B1,ケンガンオメガ,小学館,だろめおん,,32,,,,142937,1,225,,142937,B1,ケンガンオメガ,,ケンガンオメガ,小学館,ショウガクカン,だろめおん,ダロメオン,サンドロビッチ・ヤバ子,原作,裏少年サンデーコミックス,,,1,2019/02/19,4-09-128848-0,9784091288486,591,45068-48,2019/03/19,,許諾,他,0
B2,コワモテ高校生と地味子さん,リブレ,九重ヤエ,,3,,,,141422,1,226,,141422,B2,コワモテ高校生と地味子さん,,コワモテコウコウセイトジミコサン,リブレ,リブレシュッパン,九重ヤエ,ココノエヤエ,,,クロフネＣＯＭＩＣＳ　くろふねピクシブシリーズ,,,1,2018/10/23,4-7997-4057-1,9784799740576,628,54773-69,2019/10/02,,許諾,他,0
B1,特攻の拓 新装版,講談社,所十三,,27,,,,105328,1,227,,105328,B1,特攻の拓 新装版,,ブッコミノタク,講談社,コウダンシャ,所十三,トコロジュウゾウ,佐木飛朗斗,原作,ヤンマガＫＣ,,,1,2011/08/05,4-06-382065-3,9784063820652,552,42539-65,2011/09/05,,許諾,BF,0
B1,二度転生した少年はＳランク冒険者として平穏に過ごす～前世が賢者で英雄だったボクは来世では地味に生きる～,スクウェア・エニックス,イケシタ,,10,,,,145788,1,228,,145788,B1,二度転生した少年はＳランク冒険者として平穏に過ごす～前世が賢者で英雄だったボクは来世では地味に生きる～,,ニドテンセイシタショウネンハエスランクボウケンシャトシテヘイオンニスゴスゼンセガケンジャデエイユウダッタボクハライセデハジミニイキル,スクウェア・エニックス,スクウェアエニックス,イケシタ,イケシタ,十一屋翠,原作,ガンガンコミックスＵＰ！,,,1,2019/09/12,4-7575-6305-1,9784757563056,600,48140-60,2019/10/12,,許諾,他,0
B1,カブキの不動,日本文芸社,奥道則,,3,,,,95659,1,229,,95659,B1,カブキの不動,,カブキノフドウ,日本文芸社,ニホンブンゲイシャ,奥道則,オクミチノリ,観月昴,原作,ニチブン・コミックス,週刊漫画ゴラク,,1,2009/12/18,4-537-12544-6,9784537125443,591,52969-91,2010/01/18,,許諾,BF,11720
B1,神経科医 Ｄｒ．イラブ,秋田書店,矢口順一,,3,,,,72505,1,230,,72505,B1,神経科医 Ｄｒ．イラブ,,シンケイカイドクターイラブ,秋田書店,アキタショテン,矢口順一,ヤグチジュンイチ,,,ヤングチャンピオンコミックス,ヤングチャンピオン,,1,2004/09/09,4-253-14901-4,9784253149013,514,56017-41,,,,他,0
B1,ヴォイニッチホテル,秋田書店,道満晴明,,3,,,,101231,1,231,,101231,B1,ヴォイニッチホテル,,ヴォイニッチホテル,秋田書店,アキタショテン,道満晴明,ドウマンセイマン,,,ヤングチャンピオン烈コミックス,ヤングチャンピオン烈,,1,2010/11/19,4-253-25571-X,9784253255714,552,56020-24,2010/12/19,,許諾,BF,15392
B1,まるごと杏樹学園,角川書店,天津冴,,3,,,,40099,1,232,,40099,B1,まるごと杏樹学園,,マルゴトアンジュガクエン,角川書店,カドカワカドカワショテン,天津冴,アマツサエ,,,カドカワコミックスA,エースＡ,,1,2006/05/26,4-04-713822-3,9784047138223,540,,2007/05/01,2019/04/30,,他,6321
B1,超本格詐欺師ミステリー ＨＯＯＫ,集英社,高橋ゆたか,,3,,,,76728,1,233,,76728,B1,超本格詐欺師ミステリー ＨＯＯＫ,,チョウホンカクサギシミステリーフック,集英社,シュウエイシャ,高橋ゆたか,タカハシユタカ,,,ジャンプコミックスデラックス,スーパージャンプ,,1,2006/01/05,4-08-859557-2,9784088595573,505,43636-57,2006/02/05,,許諾,他,2921
S2,おとなりは××,集英社,月島珊瑚,,3,,,,75833,1,234,,75833,S2,おとなりは××,,オトナリハペケペケ,集英社,シュウエイシャ,月島珊瑚,ツキシマサンゴ,,,マーガレットコミックス,マーガレット,,1,2005/10/25,4-08-847898-3,9784088478982,390,57238-98,2006/01/01,,許諾,他,0
B1,テイルズ オブ ヴェスペリア,角川書店,森田柚花,,3,,,,89774,1,235,,89774,B1,テイルズ オブ ヴェスペリア,,テイルズオブベスペリア,角川書店,カドカワカドカワショテン,森田柚花,モリタユズカ,,,カドカワコミックスＡ,,,1,2009/03/23,4-04-715218-8,9784047152182,580,200903-216,,,,BF,14077
S2,S＜エス＞,秋田書店,水城せとな,,3,,,,69062,1,236,,69062,S2,S＜エス＞,,エス,秋田書店,アキタショテン,水城せとな,ミズシロセトナ,,,プリンセスコミックス,プリンセス,,1,2003/09/11,4-253-19249-1,9784253192491,419,,2007/04/20,,許諾,他,7561
S2,プリンセスオンアイス,講談社,塀内夏子,,3,,,,87338,1,237,,87338,S2,プリンセスオンアイス,,プリンセスオンアイス,講談社,コウダンシャ,塀内夏子,ヘイウチナツコ,,,ＢＥ－ＬＯＶＥ　ＫＣ,ＢＥ ＬＯＶＥ,,1,2008/11/13,4-06-319247-4,9784063192476,419,42394-47,2008/12/13,,許諾,SZ,9218
B2,年年百暗殺恋歌,白泉社,草川為,,6,,,,149818,1,238,,149818,B2,年年百暗殺恋歌,,ネンネンヒャクアンサツコイウタ,白泉社,ハクセンシャ,草川為,クサカワナリ,,,花とゆめコミックス,,,1,2020/08/20,4-592-22766-2,9784592227663,630,43857-23,2020/09/20,,許諾,他,0
S1,チキン 「ドロップ」前夜の物語,秋田書店,歳脇将幸,,47,,,,101732,1,239,,101732,S1,チキン 「ドロップ」前夜の物語,,チキン,秋田書店,アキタショテン,歳脇将幸,サイワキマサユキ,井口達也,原作,少年チャンピオン・コミックス,月刊少年チャンピオン,連載中,1,2010/12/08,4-253-20708-1,9784253207089,419,40102-43,2011/01/08,,許諾,SE,15517
S2,花巡礼,白泉社,河惣益巳,,3,,,,7960,1,240,,7960,S2,花巡礼,,ハナジュンレイ,白泉社,ハクセンシャ,河惣益巳,カワソウマスミ,,,花とゆめコミックス,花とゆめ,,1,1998/02,4-592-12888-5,9784592128885,390,,,,,SZ,5768
S2,Ｍ★Ｇ★ダーリン,小学館,水都あくあ,,3,,,,85868,1,241,,85868,S2,Ｍ★Ｇ★ダーリン,,エムジ－ダ－リン,小学館,ショウガクカン,水都あくあ,ミズトアクア,,,ちゅちゅコミックス,ちゅちゅ,,1,2008/07/25,4-09-131800-2,9784091318008,400,46028-00,2008/08/25,,許諾,SG,8291
S2,夜ノ井月彦の幸せな地獄,小学館,桜田雛,,8,,,,161388,1,242,,161388,S2,夜ノ井月彦の幸せな地獄,,ヨノイツキヒコノシアワセナジゴク,小学館,ショウガクカン,桜田雛,サクラダヒナ,,,フラワーＣアルファ,プチコミック,連載中,1,2023/02/09,4-09-872024-8,9784098720248,500,58720-24,2023/03/09,,許諾,他,0
S1,２９歳独身中堅冒険者の日常,講談社,奈良一平,,21,,,,128989,1,243,,128989,S1,２９歳独身中堅冒険者の日常,,ニジュウキュウサイドクシンチュウケンボウケンシャノニチジョウ,講談社,コウダンシャ,奈良一平,ナライッペイ,,,週マガＫＣ,別冊少年マガジン,連載中,1,2016/06/09,4-06-395679-2,9784063956795,429,42284-79,2016/07/09,,許諾,他,25372
B1,はたらく細胞マッスル,講談社,前田悠,,5,,,,163540,1,244,,163540,B1,はたらく細胞マッスル,,ハタラクサイボウマッスル,講談社,コウダンシャ,前田悠,マエダユウ,清水茜,原作,モーニング　ＫＣ,モーニング・ツー,連載中,1,2023/07/21,4-06-532422-X,9784065324226,690,42714-46,2023/08/21,,許諾,他,0
B1,屋根の下のアルテミス,講談社,裏谷なぎ,,4,,,,173181,1,245,,173181,B1,屋根の下のアルテミス,,ヤネノシタノアルテミス,講談社,コウダンシャ,裏谷なぎ,ウラヤナギ,,,ＫＣデラックス,,,1,2025/08/12,4-06-540477-0,9784065404775,720,46600-23,2025/09/12,,許諾,他,0
B2,鬼の花嫁,スターツ出版,富樫じゅん,,9,,,,159255,1,246,,159255,B2,鬼の花嫁,,オニノハナヨメ,スターツ出版,スターツシュッパン,富樫じゅん,トガシジュン,クレハ,原作,ｎｏｉｃｏｍｉ　ＣＯＭＩＣＳ,,,1,2022/08/25,4-8137-6124-0,9784813761242,650,202208-236,2022/09/28,,許諾,他,0
S2,いいから黙ってキスをして,小学館,わたなべ志穂,,7,,,,166682,1,247,,166682,S2,いいから黙ってキスをして,,イイカラダマッテキスヲシテ,小学館,ショウガクカン,わたなべ志穂,ワタナベシホ,,,フラワーＣアルファ,プチコミック,,1,2024/03/08,4-09-872525-8,9784098725250,540,58725-25,2024/04/08,,許諾,他,0
B2,恋しちゃいけない花風くん,双葉社,上森優,,5,,,,159704,1,248,,159704,B2,恋しちゃいけない花風くん,,コイシチャイケナイハナカゼクン,双葉社,フタバシャ,上森優,ウエモリユウ,ももしろ,原作,ジュールコミックス,,,1,2022/09/15,4-575-33890-7,9784575338904,630,53619-52,2022/10/15,,許諾,他,0
S2,絶叫シンデレラ,集英社,ユヌンミ,,3,,,,82371,1,249,,82371,S2,絶叫シンデレラ,,ゼッキョウシンデレラ,集英社,シュウエイシャ,ユヌンミ,ユヌンミ,,,マーガレットコミックス,マーガレット,,1,2007/10/25,4-08-846224-6,9784088462240,390,57229-24,2007/11/25,,許諾,SG,6164
B1,２９とＪＫ,スクウェア・エニックス,加藤かきと,,6,,,,137955,1,250,,137955,B1,２９とＪＫ,,ニジュウキュウトジェーケー,スクウェア・エニックス,スクウェアエニックス,加藤かきと,カトウカキト,裕時悠示,原作,ガンガンコミックスＯＮＬＩＮＥ,,,1,2018/02/13,4-7575-5621-7,9784757556218,571,48136-40,2018/04/16,,許諾,他,29070
